Country2Code;Year;Moodys_NumericRating;Fitch_NumericRating;AvgRatingMF;Diff_UP_MF;OLD_Diff_UP_MF_OLD;BudgetBal_NGDP;BudgetBal_NGDP_Var;GGSB_NPGDP;GGSB_NPGDP_Var;GGXWDG_NGDP;GGXWDG_NGDP_Var;GGXWDN_NGDP;GGXWDN_NGDP_Var;NGDP_RPCH;NGDPDPC;NGDPDPC_Var;PCPIPCH;ExtDebtCombinedPercGNI;ExtDebtPercGNI_Var;DefaultLastYear;DefaultLast2Years;DefaultLast5Years;DefaultLast10Years
DO;2003;7;7;7;0;0;-5.91;-238.545;-4.66;-144.976;34.11;106.265;34.11;106.265;-0.25;2574.86;-21.346;27.45;36.6;40.208;1;1;1;1
DO;2004;6;5;5.5;1;1;-3.32;43.834;-2.7;42.109;22.5;-34.033;22.5;-34.033;1.3;2637.9;2.448;51.46;38.66;5.637;1;1;1;1
DO;2005;6;6;6;0;0;-0.4;87.922;-0.44;83.68;21.29;-5.378;21.29;-5.378;9.22;4025.42;52.599;4.19;24.15;-37.535;1;1;1;1
DO;2007;7;7;7;0;0;0.11;111.337;-0.13;88.552;17.52;-9.807;17.52;-9.807;8.48;4793.05;13.662;6.14;25.66;-5.104;1;1;1;1
DO;2008;7;7;7;0;0;-3.26;-3174.528;-3.9;-2854.545;19.6;11.896;19.6;11.896;3.14;5180.17;8.076;10.64;22.86;-10.89;1;1;1;1
DO;2009;7;7;7;0;0;-3.03;7.088;-2.41;38.282;22.73;15.947;22.73;15.947;0.94;5131.67;-0.936;1.44;25.51;11.591;1;1;1;1
DO;2010;8;7;7.5;1;1;-2.74;9.676;-3.17;-31.865;23.75;4.505;23.75;4.505;8.3;5676.27;10.613;6.33;25.68;0.666;1;1;1;1
DO;2011;8;7;7.5;1;1;-3.04;-11.115;-2.58;18.872;25.75;8.407;25.75;8.407;2.82;6085.89;7.216;8.46;26.88;4.645;1;1;1;1
DO;2012;8;7;7.5;1;1;-6.58;-116.65;-6.8;-163.883;30.46;18.307;30.46;18.307;2.63;6252.48;2.737;3.7;37.95;41.185;1;1;1;1
DO;2013;8;7;7.5;1;1;-3.56;45.99;-2.93;56.821;34.6;13.59;34.6;13.59;4.78;6264.14;0.186;4.83;42.14;11.053;1;1;1;1
DO;2014;8;8;8;0;0;-3.03;14.679;-3.1;-5.692;34.38;-0.639;34.38;-0.639;7.34;6481.31;3.467;3;44;4.409;1;1;1;1
DO;2015;8;8;8;0;0;0.07;102.241;-2.71;12.706;34.29;-0.273;34.29;-0.273;7;6755.74;4.234;0.84;25.49;-42.064;1;1;1;1
AO;2015;10;8;9;1;2;-4.09;0;;0;62.33;0;;0;3;4100.32;0;10.28;0;0;1;1;1;1
AR;2001;2;0;1;1;2;-4.91;-63.102;-3.15;-30.282;44.76;17.537;;0;-4.41;8672.46;-6.378;-1.07;0;0;0;0;0;1
AR;2002;2;0;1;1;2;-1.92;60.884;0.21;106.614;137.72;207.695;;0;-10.9;3201.27;-63.087;25.87;0;0;1;1;1;1
AR;2003;5;0;2.5;1;5;1.06;155.284;1.91;819.231;116.39;-15.482;;0;8.84;4029.42;25.869;13.44;138.18;0;1;1;1;1
AR;2004;5;0;2.5;1;5;3.21;202.542;3.53;84.467;106.03;-8.903;;0;9.03;4765.42;18.265;4.42;99.39;-28.072;1;1;1;1
AR;2005;6;0;3;1;6;1.97;-38.749;1.83;-48.228;60.25;-43.182;;0;9.23;5737.21;20.393;9.64;53.5;-46.173;1;1;1;1
AR;2008;6;6;6;0;0;0.43;166.46;0.26;142.581;39.27;-11.541;;0;3.08;10214.98;21.913;8.59;31.5;-18.154;1;1;1;1
AR;2009;6;6;6;0;0;-1.94;-552.214;-0.6;-326.894;47.59;21.196;;0;0.05;9430.85;-7.676;6.27;32.52;3.215;1;1;1;1
AR;2012;6;2;4;1;4;-2.67;-11.143;-3.04;12.805;37.61;4.85;;0;0.8;14561.99;7.324;10.04;24.5;-7.017;1;1;1;1
AR;2013;2;2;2;0;0;-2.96;-10.662;-3.65;-20.25;41.48;10.27;;0;2.89;14739.62;1.22;10.62;23.45;-4.31;1;1;1;1
AR;2014;2;2;2;0;0;-4.14;-39.858;-4.37;-19.715;45.1;8.728;;0;0.45;12774.42;-13.333;0;27.27;16.301;1;1;1;1
AR;2015;2;2;2;0;0;-7.37;-78.221;-6.72;-53.751;56.51;25.299;;0;1.2;13588.85;6.375;0;0;-100;1;1;1;1
AM;2013;10;9;9.5;1;1;-1.59;0;;0;37.96;0;;0;3.3;3732.04;0;5.79;74.42;0;0;0;0;1
AM;2014;10;9;9.5;1;1;-1.94;-21.594;;0;41.32;8.862;;0;3.53;3900.7;4.519;2.98;70.09;-5.816;0;0;0;0
AM;2015;9;8;8.5;1;1;-4.93;-154.672;;0;46.6;12.78;;0;3.01;3534.86;-9.379;3.73;81.35;16.061;0;0;0;0
BG;2001;8;8;8;0;0;-0.58;4.433;1.16;22.023;67.29;-8.93;16.34;-26.563;4.25;1791.3;11.031;7.37;79.62;-14.966;1;1;1;1
BR;1994;8;8;8;0;0;0;0;0;0;0;0;0;0;5.34;3569.46;0;2075.83;28.47;0;1;1;1;1
BR;1995;8;8;8;0;0;0;0;0;0;0;0;0;0;4.42;4950.3;38.685;66.01;21.23;-25.406;1;1;1;1
BR;1996;8;8;8;0;0;-5.35;0;0;0;0;0;0;0;2.21;5273.89;6.537;15.76;21.92;3.226;1;1;1;1
BR;1997;8;8;8;0;0;-5.6;-4.826;0;0;0;0;0;0;3.4;5394.64;2.29;6.93;22.66;3.367;1;1;1;1
BR;1999;7;7;7;0;0;-5.18;28.324;0;0;0;0;0;0;0.47;3552.14;-31.651;4.86;43.11;47.064;1;1;1;1
BR;2002;7;7;7;0;0;-4.42;-39.313;-4;-39.735;78.8;12.482;59.93;16.408;3.05;2859.6;-10.183;8.45;47.68;10.761;1;1;1;1
BR;2005;9;9;9;0;0;-3.54;-23.053;-3.2;-22.64;68.59;-2.129;47.92;-4.525;3.2;4815.71;31.609;6.87;21.99;-35.87;1;1;1;1
BR;2006;10;10;10;0;0;-3.57;-0.876;-3.34;-4.349;65.85;-3.995;46.49;-2.982;3.96;5912.55;22.776;4.18;18.29;-16.807;1;1;1;1
BR;2007;11;11;11;0;0;-2.74;23.333;-3.31;0.9;63.74;-3.192;44.14;-5.04;6.07;7374.08;24.719;3.64;17.81;-2.613;1;1;1;1
BR;2015;12;11;11.5;1;1;-10.3;-70.349;-9.29;-22.972;73.7;16.399;36.19;9.305;-3.85;8670;-27.27;9.03;38.31;62.951;0;0;0;0
CI;2014;8;7;7.5;1;1;-2.31;0;;0;36.64;0;;0;7.92;1460.01;0;0.45;32.97;0;1;1;1;1
CI;2015;9;8;8.5;1;1;-3.16;-36.564;;0;34.69;-5.306;;0;8.61;1314.68;-9.954;1.24;24.28;-26.351;1;1;1;1
CO;2002;10;10;10;0;0;-3.43;-18.414;-2.38;24.389;47.24;15.694;30.74;-8.351;2.5;2369.91;-1.502;6.35;34.09;-8.076;1;1;1;1
CO;2003;10;10;10;0;0;-2.69;21.695;-1.16;51.384;44.75;-5.269;37.48;21.926;3.92;2261.58;-4.571;7.13;39.64;16.262;1;1;1;1
CO;2004;10;10;10;0;0;-1.26;52.994;0.09;107.765;41.21;-7.9;32.51;-13.26;5.33;2763.7;22.202;5.9;32.96;-16.846;1;1;1;1
CO;2005;10;10;10;0;0;-0.01;98.892;0.57;534.444;38.28;-7.109;27.96;-14.008;4.71;3416.9;23.635;5.05;25.94;-21.288;0;1;1;1
CO;2006;10;10;10;0;0;-0.99;-6985.714;-1.33;-332.574;35.75;-6.609;25.29;-9.547;6.7;3749.84;9.744;4.29;23.99;-7.536;0;0;1;1
CO;2008;11;11;11;0;0;-0.25;70.248;-1.18;41.733;32.14;-1.001;22.27;-0.93;3.55;5495.98;16.368;7;19.74;-9.238;0;0;1;1
CO;2009;11;11;11;0;0;-2.8;-1009.127;-2.29;-94.562;35.17;9.417;26.15;17.429;1.65;5200.05;-5.385;4.2;23.53;19.217;0;0;0;1
CO;2010;11;11;11;0;0;-3.3;-17.996;-2.55;-11.441;36.44;3.605;28.45;8.796;3.97;6305.29;21.254;2.27;23.14;-1.662;0;0;0;1
CR;2000;11;10;10.5;1;1;-3.38;-56.745;;0;35.66;3.975;;0;1.8;4293.58;1.68;10.96;31.91;5.902;1;1;1;1
CR;2001;11;10;10.5;1;1;-3.29;2.573;;0;37.64;5.559;;0;1.08;4256.63;-0.861;11.25;31.05;-2.667;1;1;1;1
CR;2002;11;10;10.5;1;1;-4.79;-45.416;;0;39.76;5.63;;0;2.9;4296.02;0.926;9.17;30.89;-0.522;1;1;1;1
CR;2003;11;10;10.5;1;1;-3.3;31.148;;0;38.99;-1.934;;0;6.41;4397.75;2.368;9.44;33.73;9.2;1;1;1;1
CR;2004;11;10;10.5;1;1;-3.33;-1.001;;0;40;2.598;;0;4.26;4594.76;4.48;12.32;31.44;-6.812;1;1;1;1
CR;2005;11;10;10.5;1;1;-2.72;18.223;;0;36.52;-8.69;;0;5.89;4858.94;5.75;13.79;32.82;4.387;1;1;1;1
CR;2006;11;10;10.5;1;1;-1.41;48.421;;0;32.47;-11.1;;0;8.78;5401.11;11.158;11.48;31.03;-5.433;1;1;1;1
CR;2007;11;10;10.5;1;1;0.31;121.922;;0;26.86;-17.287;;0;7.94;6221.39;15.187;9.36;33.03;6.451;1;1;1;1
CR;2008;11;10;10.5;1;1;-0.28;-191.883;;0;24.16;-10.053;;0;2.73;6950.39;11.718;13.42;30.04;-9.06;1;1;1;1
CR;2009;11;10;10.5;1;1;-3.51;-1139.576;;0;26.55;9.889;;0;-1.02;6744.44;-2.963;7.84;27.42;-8.718;0;1;1;1
CR;2010;12;10;11;1;2;-5.27;-50.2;;0;28.41;7.01;;0;4.95;8213.2;21.777;5.67;22.94;-16.359;0;0;1;1
CR;2011;12;11;11.5;1;1;-4.17;20.782;;0;29.83;5.02;;0;4.52;9212.37;12.165;4.88;25.27;10.172;0;0;1;1
CR;2012;12;11;11.5;1;1;-4.53;-8.601;;0;34.29;14.947;;0;5.17;9988.94;8.43;4.5;32.18;27.346;0;0;1;1
CR;2013;12;11;11.5;1;1;-5.59;-23.34;;0;36.04;5.109;;0;1.76;10520.49;5.321;5.23;38.92;20.936;0;0;0;1
CR;2014;11;11;11;0;0;-6.01;-7.476;;0;39.26;8.925;;0;2.97;10388.99;-1.25;4.52;43.78;12.486;0;0;0;1
CR;2015;11;11;11;0;0;-5.83;2.946;;0;42.38;7.934;;0;3.68;10936.24;5.268;0.8;45.59;4.148;0;0;0;1
EG;2002;11;11;11;0;0;-10.79;0;0;0;85.78;0;63.13;0;3.19;1356.68;-13.534;2.43;32.83;18.769;1;1;1;1
EG;2003;11;11;11;0;0;-8.58;20.469;0;0;97.1;13.196;69.63;10.302;3.19;1254.1;-7.561;3.21;35.88;9.284;1;1;1;1
EG;2004;11;11;11;0;0;-7.85;8.54;0;0;96.51;-0.6;67.54;-2.999;4.09;1195.37;-4.683;8.11;39.12;9.034;1;1;1;1
EG;2005;11;11;11;0;0;-8;-1.847;0;0;98.26;1.814;67.59;0.068;4.47;1330.46;11.301;8.83;33.49;-14.395;1;1;1;1
EG;2006;11;11;11;0;0;-8.73;-9.206;-8.7;0;85.92;-12.557;67.87;0.423;6.84;1563.48;17.514;4.2;28.37;-15.269;1;1;1;1
EG;2007;11;11;11;0;0;-7.18;17.787;-7.2;17.182;76.27;-11.238;61.33;-9.636;7.09;1861.05;19.033;10.96;26;-8.353;1;1;1;1
EG;2008;11;11;11;0;0;-7.61;-6.046;-8.1;-12.526;66.76;-12.465;52.84;-13.839;7.16;2270.36;21.993;11.7;20.45;-21.358;1;1;1;1
EG;2009;11;11;11;0;0;-6.56;13.847;-7.06;12.822;69.45;4.028;55.87;5.728;4.67;2578.05;13.553;16.24;18.54;-9.335;1;1;1;1
EG;2010;11;11;11;0;0;-7.88;-20.128;-8.59;-21.532;69.59;0.202;57.09;2.189;5.15;2921.76;13.332;11.69;17.03;-8.128;1;1;1;1
ET;2014;8;7;7.5;1;1;-2.58;0;;0;40.69;0;36.13;0;10.32;628.34;0;7.4;29.91;0;1;1;1;1
ET;2015;8;7;7.5;1;1;-2.5;3.292;;0;48.62;19.488;43.55;20.516;10.2;686.59;9.272;10.11;32.6;9.005;1;1;1;1
GA;2014;9;9;9;0;0;2.68;51.385;;0;32.16;9.997;;0;4.32;9956.47;2.004;4.51;25.1;-7.604;0;1;1;1
GA;2015;9;8;8.5;1;1;-2.34;-187.341;;0;43.92;36.575;;0;4.01;7735.94;-22.302;0.1;0;-100;0;0;1;1
GE;2010;9;8;8.5;1;1;-4.78;26.945;-3.63;50.853;42.4;3.415;;0;6.25;2951.24;9.56;7.11;85.61;5.124;1;1;1;1
GE;2011;9;9;9;0;0;-0.87;81.883;-1.06;70.882;36.5;-13.915;;0;7.22;3710.7;25.733;8.54;81.07;-5.303;1;1;1;1
GE;2012;9;9;9;0;0;-0.76;12.587;-1.65;-55.629;34.9;-4.384;;0;6.35;4130.55;11.315;-0.94;78.88;-2.712;1;1;1;1
GE;2013;9;9;9;0;0;-1.17;-54.029;-0.14;91.611;34.7;-0.573;;0;3.39;4266.59;3.294;-0.51;86.67;9.878;1;1;1;1
GE;2014;9;9;9;0;0;-1.83;-57.204;-1.28;-823.913;35.5;2.305;;0;4.62;4428.26;3.789;3.07;85.05;-1.865;1;1;1;1
GE;2015;9;9;9;0;0;-1.16;36.661;-0.25;80.392;41.2;16.054;;0;2.76;3788.62;-14.444;4.01;110.63;30.079;1;1;1;1
GH;2013;8;7;7.5;1;1;-12.47;-10.285;;0;56.24;14.594;52.9;12.552;7.31;1870.16;11.148;11.67;34.01;7.765;1;1;1;1
GH;2014;7;7;7;0;0;-12.37;0.826;;0;69.04;22.764;66.13;25.021;3.99;1472.99;-21.237;15.49;47.73;40.325;1;1;1;1
GT;2010;11;11;11;0;0;-3.29;-4.744;;0;24.11;5.188;;0;2.87;2875.31;6.885;3.86;37.48;-7.375;0;0;1;1
GT;2011;11;11;11;0;0;-2.79;15.137;;0;23.67;-1.829;;0;4.16;3233.8;12.468;6.22;35.38;-5.595;0;0;1;1
GT;2012;11;11;11;0;0;-2.39;14.291;;0;24.33;2.797;;0;2.97;3335.91;3.158;3.78;30.82;-12.902;0;0;1;1
GT;2013;11;11;11;0;0;-2.13;11.032;;0;24.62;1.196;;0;3.7;3478.2;4.265;4.34;32.77;6.344;0;0;0;1
GT;2014;11;10;10.5;1;1;-1.89;11.226;;0;24.24;-1.539;;0;4.25;3706.91;6.575;3.42;32.82;0.14;1;1;1;1
GT;2015;11;10;10.5;1;1;-1.46;22.857;;0;24.26;0.062;;0;4;3929.08;5.993;2.39;32.49;-1.003;0;1;1;1
HR;1999;12;11;11.5;1;1;-8.07;-135.119;0;0;32.65;28.479;;0;-0.86;4369.13;-8.749;4.02;0;0;0;0;1;1
HR;2000;12;11;11.5;1;1;-5.5;31.88;0;0;33.21;1.715;;0;4.18;4969.95;13.752;4.63;0;0;0;0;1;1
HR;2013;11;11;11;0;0;-5.36;-0.206;-3.88;5.435;80.75;16.633;;0;-1.06;13568.95;2.536;2.19;112;2.686;0;0;0;0
HR;2014;11;10;10.5;1;1;-5.6;-4.575;-4.13;-6.469;85.12;5.415;;0;-0.36;13490.04;-0.582;-0.21;102.49;-8.486;0;0;0;0
HR;2015;11;10;10.5;1;1;-4.04;27.946;-3.11;24.74;87.69;3.009;;0;1.65;11572.91;-14.211;-0.46;102.42;-0.073;0;0;0;0
HU;2012;11;11;11;0;0;-2.31;57.692;;0;78.29;-3.053;72.1;-3.141;-1.69;12804.69;-8.625;5.71;170.25;6.646;0;0;1;1
HU;2013;11;11;11;0;0;-2.49;-7.566;;0;76.76;-1.966;71.2;-1.247;1.89;13563.61;5.927;1.73;155.41;-8.72;0;0;1;1
HU;2014;11;11;11;0;0;-2.52;-1.447;;0;76.18;-0.75;71;-0.287;3.67;14006.95;3.269;-0.2;139.23;-10.413;0;0;1;1
HU;2015;11;11;11;0;0;-2.23;11.529;;0;75.52;-0.861;71.57;0.804;2.94;12239.89;-12.616;-0.1;135.27;-2.841;0;0;0;1
ID;1997;11;11;11;0;0;-1.03;-207.484;0;0;0;0;;0;4.7;1308.11;-6.195;6.19;65.09;11.658;0;0;1;1
ID;1998;6;6;6;0;0;-1.89;-83.172;0;0;0;0;;0;-13.13;572.09;-56.266;58.02;168.18;158.382;1;1;1;1
ID;1999;6;6;6;0;0;-0.96;49.366;0;0;0;0;;0;0.79;829.57;45.008;20.75;117.36;-30.218;1;1;1;1
ID;2000;6;6;6;0;0;-1.87;-94.995;0;0;87.44;0;;0;4.98;870.15;4.892;3.77;95.57;-18.567;1;1;1;1
ID;2001;6;6;6;0;0;-1.76;5.668;0;0;73.7;-15.708;;0;3.64;834.14;-4.139;11.5;92.29;-3.435;1;1;1;1
ID;2007;9;9;9;0;0;-0.95;-353.887;-0.91;-319.036;32.33;-9.805;;0;6.35;2064.23;16.968;6.66;35.67;-8.436;1;1;1;1
ID;2009;10;10;10;0;0;-1.64;-3144.444;-1.57;-1304.464;26.48;-12.459;;0;4.7;2464.96;1.94;5.05;34.45;7.367;0;0;1;1
IS;2010;12;11;11.5;1;1;-9.78;-0.742;-4.36;56.588;88.27;6.513;65.72;-0.804;-3.59;41673.94;3.532;5.4;1075.11;-7.202;0;0;0;0
IS;2011;12;11;11.5;1;1;-5.59;42.834;-4.21;3.395;95.13;7.773;61.7;-6.124;1.99;46052.01;10.506;4;865.64;-19.484;0;0;0;0
JM;2006;10;8;9;1;2;-4.87;-47.201;;0;117.12;-1.797;;0;2.9;4430.51;5.836;8.92;70.33;14.549;1;1;1;1
JM;2007;10;8;9;1;2;-3.8;21.912;;0;114.48;-2.255;;0;1.44;4756.27;7.353;9.17;85.31;21.288;1;1;1;1
JM;2008;10;7;8.5;1;3;-7.51;-97.736;;0;127.02;10.958;;0;-0.82;5054.54;6.271;22.01;78.62;-7.834;1;1;1;1
JM;2009;5;4;4.5;1;1;-11.13;-48.096;;0;141.94;11.74;;0;-3.41;4434.77;-12.262;9.58;96.98;23.345;1;1;1;1
JM;2010;6;6;6;0;0;-6.33;43.065;;0;142.04;0.074;;0;-1.45;4811.45;8.494;12.61;110.87;14.322;1;1;1;1
JM;2011;6;6;6;0;0;-6.41;-1.231;;0;140.5;-1.085;;0;1.42;5226.3;8.622;7.53;102.23;-7.788;1;1;1;1
JM;2012;6;6;6;0;0;-4.09;36.276;;0;145.33;3.438;;0;-0.52;5325.02;1.889;6.9;97.2;-4.925;1;1;1;1
KZ;1996;9;9;9;0;0;0;0;0;0;0;0;0;0;0.5;1349.6;0;39.13;14.04;0;1;1;1;1
KZ;1997;9;9;9;0;0;0;0;0;0;0;0;0;0;1.7;1457.03;7.96;17.44;18.66;32.937;0;1;1;1
KZ;2001;10;10;10;0;0;0;0;0;0;0;0;0;0;13.5;1491.65;21.224;8.38;73.34;-3.059;0;1;1;1
KZ;2002;12;11;11.5;1;1;1.92;0;2.08;0;17.59;0;7.85;0;9.8;1657.15;11.095;5.85;78.43;6.932;1;1;1;1
KZ;2003;12;11;11.5;1;1;4;107.692;3.36;61.653;14.96;-14.95;3.58;-54.407;9.3;2062.29;24.448;6.45;79.82;1.781;0;1;1;1
KR;1998;11;10;10.5;1;1;1.16;-52.677;2.54;17.47;14.67;43.172;0;0;-5.47;8083.13;-33.378;7.51;0;0;0;0;0;0
LB;2001;7;6;6.5;1;1;-20.75;12.194;-18.22;23.366;160.91;10.134;158.99;11.007;3.9;5240.26;-1.702;-0.37;73.39;25.92;0;0;0;1
LB;2002;7;6;6.5;1;1;-15.97;23.003;-15.6;14.356;160.95;0.021;155.66;-2.098;3.4;5430.42;3.629;1.76;96.45;31.413;0;0;0;1
LB;2003;7;6;6.5;1;1;-13.78;13.717;-18.22;-16.794;169.03;5.022;166.28;6.825;1.7;5351.76;-1.448;1.27;117.25;21.571;1;1;1;1
LB;2004;7;6;6.5;1;1;-9.93;27.971;-14.39;21.047;171.18;1.274;165.67;-0.369;5.06;5438.37;1.618;1.67;114.88;-2.026;0;1;1;1
LB;2005;6;6;6;0;0;-8.66;12.783;-14.08;2.113;180.7;5.559;172.41;4.068;2.7;5339.09;-1.826;-0.72;110.58;-3.742;0;0;1;1
LB;2006;6;6;6;0;0;-10.68;-23.377;-18.2;-29.229;185.19;2.484;180.2;4.52;1.6;5342.64;0.066;5.57;114.28;3.346;0;0;1;1
LB;2007;6;6;6;0;0;-11.04;-3.351;-18.71;-2.803;171.02;-7.649;165.18;-8.333;9.4;5936.77;11.121;4.06;101.28;-11.374;0;0;1;1
LB;2008;6;6;6;0;0;-9.95;9.837;-17.27;7.703;163.09;-4.637;151.17;-8.486;9.1;6887.7;16.018;10.76;83.13;-17.927;0;0;0;1
LB;2009;7;6;6.5;1;1;-8.16;18.053;-16.17;6.365;145.57;-10.746;132.12;-12.599;10.3;8274.29;20.132;1.2;71.05;-14.531;0;0;0;1
LB;2010;8;7;7.5;1;1;-7.55;7.429;-13.79;14.739;138.39;-4.929;129.02;-2.344;8;8755.85;5.82;3.98;65.57;-7.703;0;0;0;1
LB;2011;8;7;7.5;1;1;-5.92;21.56;-13.29;3.598;133.89;-3.254;128.28;-0.58;0.9;9143.86;4.431;4.97;61.62;-6.028;0;0;0;1
LB;2012;8;7;7.5;1;1;-8.42;-42.141;-18.24;-37.241;130.8;-2.304;123.49;-3.735;2.8;9966.39;8.995;6.58;66.95;8.651;0;0;0;1
LB;2013;8;7;7.5;1;1;-8.69;-3.219;-14.27;21.773;133.36;1.955;124.19;0.57;2.5;10654.63;6.906;4.82;70.3;5.002;0;0;0;0
LB;2014;7;7;7;0;0;-5.99;31.105;-13.8;3.294;133.28;-0.063;125.21;0.818;2;11073.37;3.93;1.85;66.44;-5.498;0;0;0;0
LB;2015;7;7;7;0;0;-8.92;-49.04;-12.21;11.51;139.08;4.352;131.2;4.788;1;11236.79;1.476;-3.75;0;-100;0;0;0;0
MX;1995;10;10;10;0;0;-4.07;-562.052;0;0;0;0;0;0;-5.76;3641.06;-36.017;35.06;49.91;85.822;0;0;1;1
MX;1996;10;10;10;0;0;-5.16;-26.814;0;0;46.26;0;0;0;5.88;4131.78;13.478;34.35;40.77;-18.313;0;0;0;1
MX;1997;10;10;10;0;0;-5.54;-7.468;-5.34;0;42.61;-7.884;0;0;6.96;4907.36;18.771;20.6;31.59;-22.514;0;0;0;1
MX;1998;10;10;10;0;0;-5.63;-1.625;-6.27;-17.36;44.09;3.48;37.71;0;4.7;5038.82;2.679;15.92;32.58;3.143;0;0;0;1
MX;1999;11;10;10.5;1;1;-5.49;2.416;-5.95;4.994;46.32;5.044;38.78;2.824;2.67;5722.04;13.559;16.57;29.51;-9.446;0;0;0;1
MX;2000;12;11;11.5;1;1;-3.01;45.304;-3.58;39.856;41.85;-9.646;35.4;-8.701;5.3;6649.74;16.213;9.49;22.77;-22.822;0;0;0;1
MX;2001;12;11;11.5;1;1;-3.07;-2.063;-3.09;13.6;41.11;-1.766;35.59;0.528;-0.61;6952.17;4.548;6.37;23.34;2.494;0;0;0;0
MN;2012;8;8;8;0;0;-9.09;-126.482;;0;;0;;0;12.32;4328.97;15.87;15;135.63;34.779;1;1;1;1
MN;2013;8;8;8;0;0;-8.89;2.178;;0;;0;;0;11.65;4365.39;0.841;8.59;159.14;17.34;1;1;1;1
MN;2015;7;7;7;0;0;-8.28;25.113;;0;;0;;0;2.3;3951.91;-5.205;5.89;202.28;9.097;0;1;1;1
MY;1998;12;10;11;1;2;-0.64;-117.18;0.71;-73.218;34.11;13.558;;0;-7.36;3470.47;-29.767;5.29;62.13;24.501;0;0;0;0
PA;1998;11;11;11;0;0;-2.64;-233.881;-0.21;-109.207;61.23;-3.415;61.23;-3.415;7.33;3963.41;6.226;0.63;57.95;-1.919;1;1;1;1
PA;1999;11;11;11;0;0;-0.97;63.196;1.99;1054.067;58.08;-5.142;58.08;-5.142;3.88;4070.42;2.7;1.3;60.49;4.376;1;1;1;1
PA;2000;11;11;11;0;0;-0.57;40.947;3.08;54.213;56.43;-2.832;56.43;-2.832;2.73;4046.46;-0.589;1.45;56.3;-6.92;1;1;1;1
PA;2001;11;11;11;0;0;-2.2;-282.927;2.06;-33.008;60.9;7.905;60.9;7.905;0.57;4029.98;-0.407;0.31;59.36;5.426;1;1;1;1
PE;2001;9;9;9;0;0;-2.13;-1.817;-1.51;22.359;43.35;-2.336;36.65;-1.603;0.62;2016.36;-0.35;1.98;54.87;-5.595;1;1;1;1
PE;2002;9;9;9;0;0;-1.39;34.664;-1.13;25.297;45.05;3.91;37.78;3.089;5.45;2094.82;3.891;0.19;53.61;-2.304;1;1;1;1
PE;2003;9;9;9;0;0;-1.61;-15.6;-1.26;-11.76;48.95;8.664;38.34;1.485;4.17;2236.93;6.784;2.26;52.99;-1.157;1;1;1;1
PH;1995;10;10;10;0;0;-0.02;96.288;-0.53;24.75;62.72;-4.297;;0;4.68;1200.43;13.005;6.86;51.51;-15.635;1;1;1;1
PH;1996;10;10;10;0;0;0.55;3358.824;-0.54;-2.662;54.73;-12.741;;0;5.85;1276.66;6.35;8.31;51.09;-0.819;0;1;1;1
PH;1997;11;11;11;0;0;0.38;-31.769;-0.94;-74.63;58.68;7.227;;0;5.19;1240.77;-2.811;5.66;58.27;14.052;0;0;1;1
PH;1998;11;11;11;0;0;-1.35;-457.143;-1.56;-65.748;51.06;-12.992;;0;-0.58;960.71;-22.571;9.36;64.9;11.379;0;0;1;1
PH;1999;11;11;11;0;0;-2.36;-74.815;-2.8;-78.823;53.58;4.945;;0;3.08;1080.95;12.515;6.16;61.92;-4.592;1;1;1;1
PH;2000;11;11;11;0;0;-3.38;-43.22;-3.78;-35.349;58.77;9.688;;0;4.41;1055.12;-2.389;6.57;61.55;-0.586;1;1;1;1
PH;2001;11;11;11;0;0;-3.62;-6.982;-3.82;-1.084;58.83;0.097;;0;2.89;970.38;-8.032;5.4;64.82;5.311;1;1;1;1
PH;2002;11;11;11;0;0;-3.84;-6.222;-3.98;-4.132;63.26;7.522;;0;3.65;1014.94;4.592;2.72;62.25;-3.968;1;1;1;1
PH;2003;11;10;10.5;1;1;-3.62;5.728;-3.82;4.068;68.04;7.557;;0;4.97;1024.77;0.968;2.27;61.07;-1.902;1;1;1;1
PH;2004;10;10;10;0;0;-2.92;19.387;-3.24;15.157;65.8;-3.281;;0;6.7;1093.48;6.705;4.79;54.35;-11;1;1;1;1
PH;2012;11;11;11;0;0;-0.3;24.25;-0.32;-576.596;40.61;-1.939;;0;6.68;2591.36;9.623;3.17;23.18;-6.229;0;0;1;1
PL;1995;12;11;11.5;1;1;-4.41;0;-5.83;0;48.99;0;-3.38;0;6.73;3605.16;0;27.88;0;0;1;1;1;1
PT;2014;11;11;11;0;0;-7.18;-48.173;-1.14;48.65;130.17;0.902;120.03;1.345;0.91;22159.43;2.469;-0.16;219.24;-8.296;1;1;1;1
PT;2015;11;11;11;0;0;-4.39;38.838;-1.49;-30.149;128.79;-1.06;121.35;1.094;1.47;19121.59;-13.709;0.51;223.7;2.031;0;1;1;1
PY;2013;9;9;9;0;0;-1.42;0;-1.99;0;17.02;0;12.26;0;14.04;4269.9;0;2.68;49.16;0;1;1;1;1
PY;2014;10;9;9.5;1;1;-0.72;49.225;-1.55;21.831;20.24;18.914;14.16;15.427;4.72;4480.54;4.933;5.03;48.02;-2.305;1;1;1;1
PY;2015;11;10;10.5;1;1;-2.46;-240.915;-2.98;-91.892;23.83;17.709;18.87;33.293;3.01;4009.57;-10.512;2.94;13.75;-71.365;0;1;1;1
RO;1997;9;9;9;0;0;-5.15;-9.473;0;0;0;0;;0;-6.05;1581.75;0.397;154.76;27.13;18.35;0;0;0;0
RO;1999;6;6;6;0;0;-3.56;32.842;0;0;0;0;;0;-1.15;1611.13;-15.088;45.8;25.49;4.592;1;1;1;1
RO;2001;7;7;7;0;0;-3.18;19.98;0;0;27.19;-7.548;;0;5.59;1817.05;8.807;34.45;31.49;3.962;1;1;1;1
RO;2008;12;11;11.5;1;1;-4.74;-52.854;-9.43;-63.785;13.39;5.809;;0;8.46;10160.35;25.055;7.85;49.04;-3.594;1;1;1;1
RO;2009;12;11;11.5;1;1;-7.13;-50.464;-8.04;14.734;23.35;74.408;;0;-7.07;8220.82;-19.089;5.58;68.95;40.605;1;1;1;1
RO;2010;12;11;11.5;1;1;-6.3;11.708;-6.14;23.72;30.54;30.782;;0;-0.8;8277.34;0.688;6.11;69.74;1.144;1;1;1;1
RU;2000;6;4;5;1;2;3.12;186.622;2.13;165.378;56.12;-39.524;;0;10.05;1893.46;33.108;20.78;0;0;0;0;0;0
RU;2002;10;9;9.5;1;1;0.68;-77.504;0.48;-79.264;37.79;-15.348;;0;4.8;2538.85;12.727;15.78;0;0;0;0;0;0
SV;2002;12;11;11.5;1;1;-3.58;0;;0;37.46;0;;0;2.34;2380.48;0;1.87;41.25;0;0;1;1;1
SV;2003;12;11;11.5;1;1;-4.07;-13.898;;0;39.14;4.498;;0;2.3;2495.31;4.824;2.12;55.4;34.301;0;0;1;1
SV;2004;12;11;11.5;1;1;-2.74;32.801;;0;39.41;0.672;;0;1.85;2611.29;4.648;4.45;55.86;0.836;0;0;1;1
SV;2005;12;11;11.5;1;1;-2.97;-8.55;;0;38.55;-2.175;;0;3.56;2816.11;7.844;4.69;56.11;0.451;0;0;1;1
SV;2006;12;11;11.5;1;1;-2.54;14.642;;0;39.1;1.427;;0;3.91;3041.1;7.989;4.04;56.17;0.109;0;0;0;1
SV;2007;12;11;11.5;1;1;-1.85;27.208;;0;38.03;-2.732;;0;3.84;3285.11;8.024;4.58;50.15;-10.717;0;0;0;1
SV;2008;12;11;11.5;1;1;-2.68;-45.016;;0;39.25;3.213;;0;1.27;3484.72;6.076;7.26;50.62;0.921;0;0;0;1
SV;2009;11;10;10.5;1;1;-5.55;-107.322;;0;48.21;22.829;;0;-3.13;3343.2;-4.061;0.54;51.57;1.885;1;1;1;1
SV;2010;11;10;10.5;1;1;-4.43;20.198;;0;49.66;3.007;;0;1.37;3443.46;2.999;1.18;52.97;2.711;0;1;1;1
SV;2011;10;10;10;0;0;-4.1;7.496;;0;49.96;0.604;;0;2.22;3696.33;7.343;5.13;53.26;0.559;0;0;1;1
SV;2013;9;9;9;0;0;-3.59;8.858;;0;55.25;0.089;;0;1.85;3849.73;1.846;0.76;57.96;1.926;0;0;1;1
SV;2014;9;9;9;0;0;-3.35;6.656;;0;56.83;2.861;;0;1.95;3961.79;2.911;1.14;60.62;4.577;0;0;0;1
SV;2015;9;8;8.5;1;1;-3.23;3.789;;0;58.92;3.662;;0;2.4;4040.32;1.982;-0.73;62.65;3.354;0;0;0;1
RS;2014;8;8;8;0;0;-6.23;-17.389;-5.59;1.098;72.01;17.241;67.55;27.157;-1.83;6199.12;-2.402;2.08;78.02;-6.447;1;1;1;1
RS;2015;8;8;8;0;0;-3.67;41.085;-3.31;40.788;77.43;7.534;73.86;9.349;0.74;5119.76;-17.412;1.39;0;-100;1;1;1;1
TH;1998;11;11;11;0;0;-6.29;-274.583;-4.87;-80.921;49.88;23.3;;0;-7.63;1855.12;-25.049;8;96.02;27.54;0;0;0;1
TR;1994;9;7;8;1;2;0;0;0;0;0;0;0;0;-5.46;3103.68;0;104.54;51.99;0;0;0;0;1
TR;1995;9;9;9;0;0;0;0;0;0;0;0;43.74;0;7.19;3965.18;27.757;89.57;44.37;-14.655;0;0;0;0
TR;1996;9;8;8.5;1;1;0;0;0;0;0;0;47.05;7.561;7.01;4175.16;5.296;80.24;44.71;0.764;0;0;0;0
TR;1997;8;8;8;0;0;0;0;0;0;0;0;44.27;-5.894;7.53;4287.91;2.701;85.65;45.35;1.427;0;0;0;0
TR;1998;8;8;8;0;0;0;0;0;0;0;0;44.77;1.123;3.09;4314.94;0.63;84.72;36.46;-19.606;0;0;0;0
TR;1999;8;8;8;0;0;0;0;0;0;0;0;62.51;39.622;-3.37;3950.73;-8.441;64.87;41.34;13.391;0;0;0;0
TR;2001;8;7;7.5;1;1;-12.56;-58.072;-9.79;-4.451;77.94;51.892;75.98;32.045;-5.7;3008.58;-27.492;54.25;59.13;32.926;0;0;0;0
TR;2002;8;7;7.5;1;1;-14.4;-14.616;-12.73;-30.074;74;-5.05;70.58;-7.108;6.16;3521.82;17.059;45.13;56.82;-3.91;0;0;0;0
TR;2003;8;7;7.5;1;1;-10.39;27.809;-8.92;29.932;67.7;-8.516;63.97;-9.359;5.27;4538.11;28.857;25.34;47.95;-15.612;0;0;0;0
TR;2004;8;8;8;0;0;-4.31;58.553;-4.27;52.136;59.61;-11.944;55.02;-13.996;9.36;5802.35;27.858;8.6;40.92;-14.656;0;0;0;0
TR;2005;9;9;9;0;0;-0.81;81.151;-1.58;62.966;52.71;-11.578;45.97;-16.44;8.4;7053.95;21.571;8.18;36.04;-11.914;0;0;0;0
TR;2006;9;9;9;0;0;-0.71;12.192;-3.56;-125.364;46.52;-11.736;38.98;-15.214;6.89;7638.03;8.28;9.6;39.93;10.782;0;0;0;0
TR;2007;9;9;9;0;0;-1.99;-178.962;-3.91;-9.767;39.91;-14.223;32.71;-16.081;4.67;9213.85;20.631;8.76;40.33;0.999;0;0;0;0
TR;2008;9;9;9;0;0;-2.72;-36.652;-4.03;-2.992;39.98;0.193;32.54;-0.52;0.66;10283;11.604;10.44;39.99;-0.851;0;0;0;0
UA;2002;7;7;7;0;0;-1.77;39.281;0;0;32.34;-8.478;30.66;-9.701;5.34;919.14;12.799;0.76;56.05;-5.636;1;1;1;1
UA;2003;8;8;8;0;0;-0.86;51.438;-1.23;0;28.3;-12.506;26.1;-14.865;9.52;1096.29;19.273;5.21;51.96;-7.3;1;1;1;1
UA;2004;8;8;8;0;0;-4.25;-393.961;-6.47;-424.331;23.89;-15.598;22.53;-13.699;11.8;1427.28;30.192;9.04;47.89;-7.838;1;1;1;1
UA;2008;8;8;8;0;0;-3.03;-59.894;-3.49;4.356;19.66;66.416;17.55;80.721;2.24;4095.44;27.192;25.2;55.07;-1.908;0;0;1;1
UA;2009;7;6;6.5;1;1;-6.03;-99.109;-2.14;38.614;34.12;73.538;30.8;75.513;-15.14;2654.99;-35.172;15.9;90.89;65.051;0;0;0;1
UA;2010;7;7;7;0;0;-5.77;4.326;-2.66;-24.312;40.63;19.065;38.53;25.101;0.26;2982.81;12.348;9.37;93.06;2.391;0;0;0;1
UA;2011;7;7;7;0;0;-2.76;52.166;-3.15;-18.131;36.88;-9.231;34.51;-10.433;5.47;3589.63;20.344;7.96;84.96;-8.704;0;0;0;1
UY;1995;11;11;11;0;0;0;0;0;0;0;0;0;0;-1.45;6661.87;9.747;42.25;0;0;0;0;1;1
UY;1996;11;11;11;0;0;0;0;0;0;0;0;0;0;5.58;7038.55;5.654;28.34;0;0;0;0;1;1
UY;2003;6;6;6;0;0;-2.64;27.995;0.9;209.78;111.55;1.795;71.06;-6.132;2.33;3652.77;-11.349;19.38;83.36;0;0;0;0;0
UY;2006;8;8;8;0;0;-0.54;-31.235;2.24;66.915;75.7;-9.798;47.44;-6.466;4.1;5919.56;12.473;6.4;49.03;-19.315;0;0;1;1
UY;2009;9;9;9;0;0;-1.65;-5.909;0.16;-18.848;63.1;-6.866;30.73;-2.8;4.24;9465.36;3.925;7.06;41.7;13.612;0;0;0;1
UY;2010;11;10;10.5;1;1;-1.43;13.099;-2.21;-1523.871;59.41;-5.843;30.6;-0.43;7.8;12001.66;26.796;6.7;33.06;-20.715;0;0;0;1
UY;2011;11;11;11;0;0;-0.9;36.916;-1.8;18.305;58.1;-2.215;28.29;-7.531;5.16;14238.08;18.634;8.09;30.34;-8.245;0;0;0;1
UY;2012;12;11;11.5;1;1;-2.69;-197.235;-2.39;-32.612;57.88;-0.367;25.29;-10.593;3.32;15200.27;6.758;8.1;42.46;39.98;0;0;0;1
VN;2005;9;9;9;0;0;-1.21;-537.895;;0;36.54;-2.414;;0;7.55;699.68;15.905;8.39;33.65;-9.154;1;1;1;1
VN;2006;9;9;9;0;0;0.25;120.957;;0;38.41;5.104;;0;6.98;796.93;13.899;7.5;28.71;-14.674;1;1;1;1
VN;2007;9;9;9;0;0;-2.01;-890.945;;0;40.9;6.483;;0;7.13;920.46;15.501;8.35;30.95;7.773;0;1;1;1
VN;2008;9;9;9;0;0;-0.49;75.709;;0;39.42;-3.614;;0;5.66;1154.49;25.425;23.12;27.54;-11.01;0;0;1;1
VN;2009;9;9;9;0;0;-6.02;-1133.811;;0;45.17;14.582;;0;5.4;1181.45;2.335;6.72;32.61;18.421;1;1;1;1
VN;2010;8;8;8;0;0;-2.76;54.21;;0;48.08;6.458;;0;6.42;1297.23;9.8;9.21;40.29;23.528;0;1;1;1
VN;2011;8;8;8;0;0;-1.06;61.516;;0;46.72;-2.843;;0;6.24;1532.31;18.122;18.67;40.92;1.576;1;1;1;1
ZA;1994;12;10;11;1;2;0;0;0;0;0;0;0;0;3.23;3446.84;0;8.88;15.78;0;1;1;1;1
ZA;1995;12;10;11;1;2;0;0;0;0;0;0;0;0;3.12;3752.38;8.864;8.73;16.62;5.317;0;1;1;1
ZA;1996;12;10;11;1;2;0;0;0;0;0;0;0;0;4.31;3500.03;-6.725;7.36;18.03;8.478;0;0;1;1
ZA;1997;12;10;11;1;2;0;0;0;0;0;0;0;0;2.65;3556.54;1.614;8.58;20.13;11.676;0;0;1;1
ZA;1998;12;10;11;1;2;0;0;0;0;0;0;0;0;0.52;3160.84;-11.126;6.97;18.41;-8.568;0;0;1;1
ZA;1999;12;10;11;1;2;0;0;0;0;0;0;0;0;2.36;3089.37;-2.261;5.12;18.39;-0.098;0;0;0;1
