Country2Code;Year;Diff_DW_SF;NGDPDPC;NGDP_RPCH;ExtDebtPercGNI;GGXWDG_NGDP;GGXWDN_NGDP;GGSB_NPGDP;DefaultLastYear;DefaultLast2Years;DefaultLast5Years;DefaultLast10Years;PCPIPCH
DO;2003;3;2574.855;-0.252;36.6;34.108;34.108;-4.657;1;1;1;1;27.45
DO;2004;3;2637.896;1.304;38.66;22.5;22.5;-2.696;1;1;1;1;51.461
DO;2006;0;4216.934;10.657;27.04;19.424;19.424;-1.153;1;1;1;1;7.573
DO;2008;0;5180.165;3.144;22.86;19.603;19.603;-3.9;1;1;1;1;10.644
DO;2009;0;5131.67;0.936;25.51;22.729;22.729;-2.407;1;1;1;1;1.442
DO;2010;0;5676.274;8.302;25.68;23.753;23.753;-3.174;1;1;1;1;6.33
DO;2014;0;6481.308;7.341;44;34.383;34.383;-3.101;1;1;1;1;2.999
MA;2007;1;2562.862;3.532;26.26;50.528;51.988;-1.191;1;1;1;1;2.036
MA;2008;1;2967.154;5.923;22.7;44.734;45.443;-0.38;1;1;1;1;3.891
MA;2009;1;2947.811;4.244;27.57;45.452;46.126;-1.887;1;1;1;1;0.972
MA;2010;0;2926.665;3.816;29.4;48.493;48.998;-4.322;0;1;1;1;0.994
MA;2011;0;3149.433;5.246;29.69;52.137;52.547;-6.793;0;0;1;1;0.907
MA;2012;0;3021.518;3.01;35.31;57.775;58.3;-7.389;1;1;1;1;1.287
MA;2013;0;3264.092;4.725;37.67;60.982;61.491;-5.219;0;1;1;1;1.881
MA;2014;0;3315.608;2.417;40.91;62.873;63.374;-6.207;0;0;1;1;0.443
MA;2015;0;3078.593;4.466;0;63.165;63.667;-4.943;0;0;1;1;1.6
AO;2015;0;4100.315;2.998;0;0;62.325;0;1;1;1;1;10.275
AE;2007;0;41472.293;3.184;0;-215.129;7.853;0;0;0;0;0;11.128
AE;2008;0;39074.838;3.192;0;-203.041;12.531;0;0;0;0;0;12.251
AE;2009;0;30920.447;-5.243;0;-247.101;24.084;0;0;0;0;0;1.56
AE;2010;0;34611.957;1.635;0;-227.97;22.236;0;0;0;0;0;0.878
AE;2011;0;40817.403;4.885;0;-201.553;17.606;0;0;0;0;0;0.875
AE;2012;0;42591.173;7.222;0;-208.991;17.035;0;0;0;0;0;0.665
AE;2013;0;42874.595;4.321;0;-216.112;15.874;0;0;0;0;0;1.102
AE;2014;0;42943.777;4.57;0;-223.255;15.682;0;0;0;0;0;2.345
AE;2015;0;36060.015;3.93;0;-258.81;19.419;0;0;0;0;0;4.068
AR;1997;0;9851.185;8.111;0;0;29.571;-1.603;0;0;1;1;0
AR;1998;0;9946.784;3.85;0;0;31.869;-1.928;0;0;1;1;0.925
AR;1999;0;9336.525;-3.385;0;0;36.302;-2.566;0;0;0;1;-1.167
AR;2000;1;9263.306;-0.789;0;0;38.079;-2.414;0;0;0;1;-0.939
AR;2001;0;8672.457;-4.409;0;0;44.757;-3.145;0;0;0;1;-1.065
AR;2002;0;3201.272;-10.895;0;0;137.715;0.208;1;1;1;1;25.869
AR;2003;0;4029.423;8.837;0;0;116.394;1.912;1;1;1;1;13.443
AR;2004;0;4765.416;9.03;0;0;106.032;3.527;1;1;1;1;4.416
AR;2008;0;10214.983;3.075;0;0;39.267;0.264;1;1;1;1;8.585
AR;2009;0;9430.852;0.05;0;0;47.59;-0.599;1;1;1;1;6.27
AR;2010;0;11347.316;9.452;0;0;39.114;-0.984;1;1;1;1;10.461
AR;2011;0;13568.238;8.386;0;0;35.874;-3.483;1;1;1;1;9.775
AU;1996;0;23181.657;4.28;0;21.298;29.314;-0.814;0;0;0;0;2.653
AU;1997;0;22962.708;4.307;0;18.191;25.925;0.123;0;0;0;0;0.225
AU;1998;0;20307.155;4.647;0;14.663;23.756;0.185;0;0;0;0;0.859
AU;2011;0;66721.599;2.678;0;8.062;24.2;-4.211;0;0;0;0;3.33
AU;2012;0;68002.653;3.545;0;11.207;27.797;-3.188;0;0;0;0;1.712
AU;2013;0;64464.056;2.035;0;13.202;30.823;-2.419;0;0;0;0;2.475
AU;2014;0;61062.605;2.616;0;15.722;34.14;-2.376;0;0;0;0;2.464
AU;2015;0;50961.865;2.479;0;17.902;36.827;-2.157;0;0;0;0;1.532
AT;1994;0;25668.057;2.402;0;0;63.863;-4.596;0;0;0;0;2.71
AT;1995;0;30307.415;2.668;0;0;68.017;-6.654;0;0;0;0;1.601
AT;1996;0;29778.136;2.398;0;0;67.959;-4.655;0;0;0;0;1.793
AT;1997;0;26693.033;2.205;0;0;63.194;-2.485;0;0;0;0;1.157
AT;1998;0;27348.041;3.56;0;0;63.606;-2.879;0;0;0;0;0.824
AT;1999;0;27185.686;3.59;0;0;66.426;-2.765;0;0;0;0;0.515
AT;2000;0;24617.957;3.368;0;0;65.864;-3.476;0;0;0;0;1.959
AT;2001;0;24576.15;1.351;0;0;66.484;-1.201;0;0;0;0;2.295
AT;2002;0;26504.851;1.656;0;0;66.291;-1.061;0;0;0;0;1.7
AT;2003;0;32248.219;0.756;0;0;65.492;-0.648;0;0;0;0;1.296
AT;2004;0;36875.712;2.706;0;0;64.802;-1.426;0;0;0;0;1.95
AT;2005;0;38430.936;2.141;0;0;68.315;-1.912;0;0;0;0;2.108
AT;2006;0;40536.772;3.351;0;0;67.044;-2.981;0;0;0;0;1.69
AT;2007;0;46721.565;3.621;0;0;64.808;-3.508;0;0;0;0;2.203
AT;2008;0;51713.796;1.547;0;0;68.518;-3.212;0;0;0;0;3.223
AT;2009;0;47822.731;-3.799;0;0;79.726;-2.685;0;0;0;0;0.401
AT;2010;0;46810.127;1.929;0;0;82.288;-3.123;0;0;0;0;1.69
AT;2011;0;51274.068;2.808;0;0;82.07;-2.479;0;0;0;0;3.552
AT;2012;1;48476.891;0.757;0;49.534;81.642;-1.668;0;0;0;0;2.575
AT;2013;1;50738.022;0.321;0;49.183;80.812;-0.98;0;0;0;0;2.121
AT;2014;1;51433.004;0.353;0;47.669;84.235;-0.272;0;0;0;0;1.467
AT;2015;0;43724.031;0.876;0;47.829;86.175;-0.239;0;0;0;0;0.8
AZ;2008;0;5212.825;10.8;10.25;0;7.297;0;0;0;0;0;20.82
AZ;2009;0;4933.359;9.3;11.66;0;11.792;0;0;0;0;0;1.56
AZ;2010;1;5847.26;4.959;14.22;0;11.148;0;0;0;0;0;5.666
AZ;2011;0;7106.04;0.094;13.23;0;10.107;0;0;0;0;0;7.869
AZ;2012;0;7471.77;2.163;15.12;0;11.599;0;0;0;0;0;1.023
AZ;2013;0;7934.403;5.803;14.82;0;13.754;0;0;0;0;0;2.431
AZ;2014;0;8055.211;2.8;16.1;0;16.036;0;0;0;0;0;1.351
AZ;2015;0;5739.433;1.1;0;0;36.11;0;0;0;0;0;4.04
BE;1994;0;23754.018;3.227;0;0;136.309;-4.588;0;0;0;0;2.396
BE;1995;0;28616.748;2.385;0;0;130.545;-3.881;0;0;0;0;1.267
BE;1996;0;27749.785;1.593;0;0;127.973;-3.048;0;0;0;0;1.765
BE;1997;0;25089.911;3.71;0;0;123.206;-1.894;0;0;0;0;1.503
BE;2006;0;39021.772;2.499;0;60.902;90.935;-0.68;0;0;0;0;2.329
BE;2007;0;44638.265;3.398;0;54.249;86.925;-0.794;0;0;0;0;1.816
BE;2008;0;48850.706;0.747;0;55.051;92.428;-1.789;0;0;0;0;4.49
BE;2009;0;45176.025;-2.285;0;61.012;99.462;-4.055;0;0;0;0;-0.006
BE;2010;0;44691.319;2.695;0;59.512;99.616;-3.943;0;0;0;0;2.334
BE;2011;1;47950.985;1.797;0;60.733;102.246;-4.221;0;0;0;0;3.353
BE;2012;0;44890.68;0.151;0;62.404;104.06;-3.646;0;0;0;0;2.626
BE;2013;0;46728.38;0.017;0;63.477;105.057;-2.887;0;0;0;0;1.247
BE;2014;0;47517.972;1.348;0;63.194;106.655;-2.901;0;0;0;0;0.491
BE;2015;0;40106.632;1.371;0;63.819;106.313;-2.328;0;0;0;0;0.62
BG;1998;1;1631.196;4.861;79.4;0;76.537;0;1;1;1;1;18.671
BG;1999;1;1672.897;-0.494;88.99;0;79.442;0;1;1;1;1;2.573
BG;2000;0;1613.33;5.011;93.64;22.245;73.887;0.949;1;1;1;1;10.317
BG;2002;0;2085.266;6.018;73.72;7.752;53.543;0.498;1;1;1;1;5.807
BG;2003;0;2701.602;5.078;66.58;-8.895;45.579;1.077;1;1;1;1;2.348
BG;2004;0;3362.251;6.556;62.96;-12.727;37.855;2.014;0;1;1;1;6.149
BG;2005;0;3863.419;7.236;59.61;-7.397;28.517;1.494;1;1;1;1;6.041
BG;2014;1;7874.773;1.549;87.84;-2.331;26.434;-2.877;0;0;0;1;-1.6
BG;2015;1;6831.661;2.968;0;-0.113;26.898;-2.194;0;0;0;0;-1.064
BH;2003;0;14482.932;6.296;0;20.119;32.453;0;0;0;0;0;1.679
BH;2004;0;15960.529;6.981;0;29.398;29.398;0;0;0;0;0;2.248
BH;2005;0;17962.343;6.769;0;24.195;24.195;0;0;0;0;0;2.618
BH;2007;0;20903.822;8.294;0;16.346;16.346;0;0;0;0;0;3.252
BH;2008;0;23231.036;6.242;0;12.563;12.563;0;0;0;0;0;3.533
BH;2009;0;19461.087;2.541;0;21.364;21.364;0;0;0;0;0;2.785
BH;2010;0;20823.22;4.337;0;29.709;29.709;0;0;0;0;0;1.97
BH;2011;0;24299.026;2.1;0;32.503;32.503;0;0;0;0;0;-0.37
BH;2012;0;25227.116;3.589;0;36.207;36.207;0;0;0;0;0;2.768
BH;2013;0;26456.188;5.408;0;43.467;43.467;0;0;0;0;0;3.298
BH;2014;0;26686.265;4.486;0;43.794;43.794;0;0;0;0;0;2.651
BH;2015;0;23509.981;3.153;0;63.306;63.306;0;0;0;0;0;1.836
BR;1994;0;3569.459;5.335;28.47;0;0;0;1;1;1;1;2075.827
BR;1995;0;4950.301;4.417;21.23;0;0;0;1;1;1;1;66.008
BR;1996;0;5273.89;2.208;21.92;0;0;0;1;1;1;1;15.757
BR;2000;1;3778.965;4.386;38.67;46.966;65.561;-3.52;1;1;1;1;7.044
BR;2001;0;3183.794;1.392;43.04;51.486;70.054;-2.864;1;1;1;1;6.84
BR;2003;0;3090.663;1.14;44.14;54.259;73.823;-3.96;0;1;1;1;14.714
BR;2004;0;3659.099;5.761;34.29;50.186;70.077;-2.606;1;1;1;1;6.598
BR;2005;0;4815.707;3.202;22;47.915;68.585;-3.196;1;1;1;1;6.87
BR;2006;0;5912.55;3.961;18.82;46.486;65.845;-3.335;1;1;1;1;4.184
BR;2007;0;7374.075;6.072;18.01;44.143;63.743;-3.305;1;1;1;1;3.641
BR;2008;0;8854.162;5.094;16.32;37.097;61.868;-2.612;1;1;1;1;5.678
BR;2009;0;8624.419;-0.126;17.48;40.363;64.944;-3.392;1;1;1;1;4.888
BR;2010;0;11297.838;7.529;16.2;37.979;63.045;-4.531;1;1;1;1;5.039
BR;2011;0;13234.243;3.91;15.72;34.492;61.242;-4.069;1;1;1;1;6.636
BR;2012;0;12344.411;1.915;18.51;32.254;62.31;-3.892;1;1;1;1;5.404
BR;2013;0;12260.116;3.015;20.49;30.591;60.364;-4.875;1;1;1;1;6.204
BR;2014;1;11920.754;0.103;23.51;33.111;63.314;-7.557;1;1;1;1;6.329
BR;2015;0;8669.998;-3.847;0;36.192;73.697;-9.293;0;0;0;0;9.03
CA;1995;1;20641.543;2.678;0;67.779;100.404;-4.357;0;0;0;0;2.189
CA;1996;1;21257.09;1.611;0;67.473;100.573;-1.376;0;0;0;0;1.58
CA;1997;1;21857.611;4.28;0;63.478;95.591;0.993;0;0;0;0;1.612
CA;1998;1;20975.139;3.882;0;59.352;93.614;0.692;0;0;0;0;0.987
CA;1999;1;22261.148;5.163;0;52.557;89.273;1.207;0;0;0;0;1.744
CA;2000;1;24221.265;5.183;0;43.891;80.706;1.189;0;0;0;0;2.738
CA;2001;0;23777.486;1.771;0;41.448;81.75;-0.177;0;0;0;0;2.507
CA;2004;0;32075.361;3.086;0;32.387;72.135;0.216;0;0;0;0;1.841
CA;2005;0;36315.727;3.201;0;28.384;70.868;0.635;0;0;0;0;2.23
CA;2006;0;40441.766;2.623;0;25.523;70.126;0.719;0;0;0;0;2.018
CA;2007;0;44599.148;2.063;0;22.071;66.844;0.74;0;0;0;0;2.131
CA;2008;0;46660.868;1;0;18.449;67.834;-0.379;0;0;0;0;2.385
CA;2009;0;40831.097;-2.95;0;24.354;79.283;-1.809;0;0;0;0;0.299
CA;2010;0;47512.679;3.083;0;26.785;81.097;-3.396;0;0;0;0;1.769
CA;2011;0;52142.718;3.141;0;27.143;81.513;-2.693;0;0;0;0;2.89
CA;2012;0;52574.868;1.746;0;28.221;84.84;-1.855;0;0;0;0;1.53
CA;2013;0;52345.308;2.218;0;29.376;86.08;-1.415;0;0;0;0;0.925
CA;2014;0;50252.088;2.473;0;28.068;86.201;-0.537;0;0;0;0;1.92
CA;2015;0;43331.961;1.175;0;26.674;91.466;-1.283;0;0;0;0;1.105
CH;1994;0;41883.093;1.333;0;23.695;49.974;-2.253;1;1;1;1;0.851
CH;1995;0;48717.387;0.563;0;25.67;52.837;-1.372;1;1;1;1;1.798
CH;1996;0;46684.215;0.553;0;27.753;54.286;-1.371;1;1;1;1;0.81
CH;1997;0;40468.49;2.282;0;29.58;56.946;-2.029;1;1;1;1;0.518
CH;1998;0;41520.761;2.868;0;30.681;59.351;-1.231;1;1;1;1;0.019
CH;1999;0;40622.229;1.594;0;34.737;55.771;-0.135;1;1;1;1;0.808
CH;2000;0;37948.712;4.173;0;34.849;54.563;1.863;1;1;1;1;1.561
CH;2001;0;38741.83;1.457;0;35.724;53.538;0.673;1;1;1;1;0.99
CH;2002;0;41535.47;0.147;0;39.691;60.346;0.402;1;1;1;1;0.64
CH;2003;0;48182.854;0.08;0;39.814;59.446;-0.34;1;1;1;1;0.636
CH;2004;0;53361.233;2.637;0;45.749;60.768;-0.66;1;1;1;1;0.801
CH;2005;0;54959.282;3.092;0;42.698;58.256;-0.364;1;1;1;1;1.174
CH;2006;0;57595.482;4.153;0;37.453;51.666;0.47;1;1;1;1;1.061
CH;2007;0;63649.685;4.137;0;30.172;49.525;0.741;1;1;1;1;0.738
CH;2008;0;72748.126;2.185;0;29.291;49.396;0.835;1;1;1;1;2.431
CH;2009;0;70233.01;-2.133;0;27.486;47.336;0.971;1;1;1;1;-0.475
CH;2010;0;74563.975;2.86;0;26.427;46.132;0.435;1;1;1;1;0.684
CH;2011;0;88516.679;1.939;0;26.222;46.027;0.567;1;1;1;1;0.226
CH;2012;0;83648.059;1.123;0;25.521;46.631;0.29;1;1;1;1;-0.699
CH;2013;0;85240.721;1.783;0;25.24;46.351;0.075;1;1;1;1;-0.219
CH;2014;0;86145.83;1.891;0;24.55;45.66;-0.073;1;1;1;1;-0.012
CH;2015;0;80675.308;0.855;0;24.516;45.627;0;1;1;1;1;-1.14
CL;1994;0;4017.864;5.666;0;8.111;22.83;0;0;0;1;1;11.443
CL;1995;0;5090.118;10.487;0;3.926;17.414;0;0;0;1;1;8.233
CL;1996;0;5321.967;7.357;0;1.458;14.753;0;0;0;0;1;7.359
CL;1997;0;5733.647;6.606;0;-0.436;12.915;0;0;0;0;1;6.134
CL;1998;0;5437.334;3.267;0;-0.277;12.183;0;0;0;0;1;5.11
CL;1999;0;4950.723;-0.709;0;1.635;13.34;0;0;0;0;1;3.337
CL;2000;0;5064.474;4.469;0;3.082;13.191;0;0;0;0;1;3.843
CL;2001;0;4577.864;3.342;0;5.59;14.395;0.659;0;0;0;0;3.569
CL;2002;0;4474.202;2.17;0;7.601;15.087;0.318;0;0;0;0;2.489
CL;2003;0;4804.839;3.387;0;6.525;12.641;0.536;0;0;0;0;2.81
CL;2005;0;7612.49;6.305;0;-0.005;6.997;0.485;0;0;0;0;3.052
CL;2006;0;9473.361;5.825;0;-6.629;4.994;0.813;0;0;0;0;3.392
CL;2011;0;14525.654;5.79;0;-8.616;11.153;-1.046;0;0;0;0;3.34
CN;1997;1;778.066;9.2;15.49;0;20.472;-0.868;0;0;0;0;2.8
CN;1998;1;824.623;7.8;14.28;0;36.994;-0.938;0;0;0;0;-0.8
CN;1999;2;868.608;7.6;13.82;0;37.277;-1.901;0;0;0;0;-1.4
CN;2000;2;953.778;8.4;12.23;0;36.947;-2.174;0;0;0;0;0.4
CN;2001;2;1047.524;8.3;14.02;0;37.193;-1.635;0;0;0;0;0.7
CN;2002;2;1143.503;9.1;12.8;0;37.402;-1.762;0;0;0;0;-0.8
CN;2003;2;1285.11;10;12.6;0;36.933;-1.321;0;0;0;0;1.2
CN;2004;1;1502.173;10.1;12.62;0;35.018;-0.488;0;0;0;0;3.9
CN;2005;1;1752.465;11.3;12.48;0;33.752;-0.52;0;0;0;0;1.8
CN;2006;0;2093.546;12.7;11.77;0;31.968;-0.645;0;0;0;0;1.5
CN;2007;1;2681.137;14.2;10.53;0;34.469;-0.139;0;0;0;0;4.8
CN;2008;0;3437.411;9.6;8.25;0;31.649;-0.318;0;0;0;0;5.9
CN;2009;0;3800.267;9.2;8.83;0;36.922;-1.842;0;0;0;0;-0.7
CM;2003;0;807.331;4.031;87.11;60.268;60.268;0;1;1;1;1;0.63
CM;2004;3;909.429;3.702;70.62;61.622;61.622;0;1;1;1;1;0.25
CM;2005;2;931.339;2.297;47.83;51.546;51.546;0;1;1;1;1;1.993
CM;2006;1;979.742;3.222;19.31;15.863;15.863;0;1;1;1;1;4.906
CM;2007;0;1085.191;3.257;15.48;11.956;11.956;0;1;1;1;1;1.125
CM;2008;0;1208.902;2.885;12.38;9.715;9.715;0;1;1;1;1;5.338
CM;2009;0;1176.48;1.932;13.92;10.092;10.092;0;1;1;1;1;3.04
CM;2010;0;1158.78;3.269;13.65;11.527;11.527;0;1;1;1;1;1.279
CM;2011;0;1271.207;4.14;11.77;13.245;13.245;0;1;1;1;1;2.94
CM;2012;0;1234.371;4.598;14.36;15.429;15.429;0;1;1;1;1;2.382
CM;2013;0;1344.338;5.552;16.94;18.663;18.663;0;1;1;1;1;2.05
CM;2014;0;1402.8;5.927;16.65;27.958;27.958;0;1;1;1;1;1.853
CM;2015;0;1232.423;5.872;0;33.508;33.508;0;1;1;1;1;2.75
CO;2000;1;2478.536;2.925;34;31.887;44.221;-3.721;1;1;1;1;9.225
CO;2001;1;2406.053;1.678;37.09;33.541;40.83;-3.153;1;1;1;1;7.966
CO;2002;0;2369.905;2.504;34.09;30.74;47.238;-2.384;1;1;1;1;6.352
CO;2003;0;2261.583;3.918;39.64;37.48;44.749;-1.159;1;1;1;1;7.13
CO;2004;0;2763.699;5.333;32.96;32.51;41.214;0.09;1;1;1;1;5.904
CO;2005;0;3416.901;4.707;25.94;27.956;38.284;0.571;0;1;1;1;5.051
CO;2006;0;3749.84;6.698;23.99;25.287;35.754;-1.328;0;0;1;1;4.293
CO;2007;0;4722.938;6.901;22.4;22.476;32.469;-2.02;0;0;1;1;5.544
CO;2008;0;5495.984;3.547;19.86;22.267;32.144;-1.177;0;0;1;1;6.997
CO;2009;0;5200.047;1.652;23.83;26.148;35.171;-2.29;0;0;0;1;4.203
CO;2010;0;6305.285;3.972;23.47;28.448;36.439;-2.552;0;0;0;1;2.272
CO;2011;0;7305.217;6.59;23.72;27.067;35.634;-2.644;0;0;0;1;3.415
CO;2012;0;7933.534;4.044;22.2;24.87;34.071;-1.467;0;0;0;1;3.169
CO;2013;0;8065.218;4.874;25.11;27.011;37.795;-2.528;0;0;0;1;2.017
CO;2014;0;7928.061;4.386;27.69;33.789;44.282;-3.129;0;0;0;0;2.899
CO;2015;0;6083.51;3.082;0;40.257;49.374;-3.3;0;0;0;0;4.99
CR;2000;0;4293.58;1.801;31.91;0;35.655;0;1;1;1;1;10.959
CR;2001;0;4256.626;1.076;31.05;0;37.637;0;1;1;1;1;11.254
CR;2002;0;4296.024;2.902;30.89;0;39.756;0;1;1;1;1;9.169
CR;2003;0;4397.746;6.405;33.73;0;38.987;0;1;1;1;1;9.443
CR;2004;0;4594.758;4.259;31.44;0;40;0;1;1;1;1;12.318
CR;2005;0;4858.944;5.886;33.3;0;36.524;0;1;1;1;1;13.794
CR;2006;0;5401.109;8.78;31.19;0;32.47;0;1;1;1;1;11.476
CR;2011;0;9212.373;4.518;26.36;0;29.833;0;0;0;1;1;4.879
CR;2012;0;9988.94;5.168;32.63;0;34.292;0;0;0;1;1;4.495
CR;2013;1;10520.491;1.756;38.92;0;36.044;0;0;0;0;1;5.232
CR;2014;1;10388.989;2.965;41.8;0;39.261;0;0;0;0;1;4.518
CR;2015;1;10936.243;3.675;0;0;42.376;0;0;0;0;1;0.802
CZ;2003;0;9744.447;3.602;0;0;28.147;-5.125;1;1;1;1;0.114
CZ;2004;0;11669.13;4.947;0;0;28.454;-2.26;1;1;1;1;2.775
CZ;2005;1;13333.862;6.442;0;0;28.016;-2.556;1;1;1;1;1.843
CZ;2006;1;15181.858;6.877;0;0;27.911;-4.166;1;1;1;1;2.543
CZ;2007;0;18393.744;5.529;0;0;27.807;-3.227;1;1;1;1;2.862
CZ;2008;1;22769.346;2.711;0;0;28.658;-4.752;1;1;1;1;6.339
CZ;2009;1;19744.559;-4.842;0;0;34.058;-5.595;1;1;1;1;1.033
CZ;2010;1;19787.293;2.295;0;0;38.155;-4.239;1;1;1;1;1.464
DE;1994;0;27116.255;2.527;0;0;46.817;-2.269;0;0;0;0;2.717
DE;1995;0;31709.245;1.815;0;33.879;54.122;-2.851;0;0;0;0;1.733
DE;1996;0;30540.234;0.859;0;37.1;56.909;-2.71;0;0;0;0;1.263
DE;1997;0;27075.419;1.902;0;38.728;58.098;-2.288;0;0;0;0;1.51
DE;1998;0;27383.307;1.776;0;40.451;58.737;-1.987;0;0;0;0;0.615
DE;1999;0;26810.519;1.845;0;42.008;60.031;-1.26;0;0;0;0;0.654
DE;2000;0;23774.426;3.194;0;38.946;58.861;-2.043;0;0;0;0;1.384
DE;2001;0;23681.674;1.843;0;40.19;57.662;-3.334;0;0;0;0;1.911
DE;2002;0;25279.619;0.016;0;42.766;59.256;-3.513;0;0;0;0;1.35
DE;2003;0;30418.959;-0.733;0;46.706;62.968;-2.926;0;0;0;0;1.027
DE;2004;0;34218.694;0.703;0;48.959;64.701;-2.733;0;0;0;0;1.781
DE;2005;0;34769.257;0.878;0;51.528;66.945;-2.065;0;0;0;0;1.948
DE;2006;0;36507.125;3.879;0;51.06;66.376;-1.692;0;0;0;0;1.804
DE;2007;0;41897.509;3.383;0;48.126;63.586;-0.821;0;0;0;0;2.267
DE;2008;0;45976.118;0.805;0;47.955;65.041;-0.75;0;0;0;0;2.757
DE;2009;0;41889.695;-5.565;0;54.257;72.499;-0.857;0;0;0;0;0.218
DE;2010;0;41876.44;3.945;0;56.693;81.007;-2.186;0;0;0;0;1.149
DE;2011;0;46822.361;3.718;0;55.038;78.374;-1.251;0;0;0;0;2.477
DE;2012;0;43981.748;0.613;0;54.404;79.707;0.004;0;0;0;0;2.147
DE;2013;0;46386.11;0.406;0;53.44;77.351;0.407;0;0;0;0;1.589
DE;2014;0;47716.191;1.58;0;51.852;74.917;0.706;0;0;0;0;0.774
DE;2015;0;40996.511;1.45;0;48.77;70.995;0.699;0;0;0;0;0.142
DK;1994;0;30054.144;5.332;0;0;75.237;-3.603;0;0;0;0;2.004
DK;1995;0;35477.694;3.033;0;38.162;71.393;-3.62;0;0;0;0;2.077
DK;1996;0;35734.723;2.895;0;37.977;68.261;-2.483;0;0;0;0;2.157
DK;1997;0;32901.275;3.264;0;36.416;64.278;-1.2;0;0;0;0;2.184
DK;1998;0;33429.551;2.218;0;37.645;60.279;-0.389;0;0;0;0;1.82
DK;1999;0;33491.679;2.946;0;30.637;56.764;0.869;0;0;0;0;2.48
DK;2000;0;30804.458;3.752;0;25.515;52.354;-0.321;0;0;0;0;2.926
DK;2003;0;40519.863;0.388;0;18.391;46.15;1.103;0;0;0;0;2.075
DK;2004;0;46546.233;2.642;0;14.184;44.179;0.596;0;0;0;0;1.154
DK;2005;0;48893.248;2.431;0;9.461;37.399;2.141;0;0;0;0;1.818
DK;2006;0;52137.044;3.8;0;1.119;31.541;1.356;0;0;0;0;1.924
DK;2007;0;58655.29;0.821;0;-4.614;27.339;2.066;0;0;0;0;1.693
DK;2008;0;64390.556;-0.713;0;-6.667;33.386;1.196;0;0;0;0;3.416
DK;2009;0;58018.211;-5.089;0;-5.909;40.368;-0.082;0;0;0;0;1.305
DK;2010;0;57782.724;1.622;0;-3.29;42.879;-2.334;0;0;0;0;2.311
DK;2011;0;61413.559;1.156;0;1.129;46.409;-2.405;0;0;0;0;2.759
DK;2012;0;58240.552;-0.077;0;6.617;45.179;-2.3;0;0;0;0;2.398
DK;2013;0;60494.268;-0.242;0;4.007;44.64;-1.426;0;0;0;0;0.789
DK;2014;0;61507.911;1.263;0;4.852;44.623;-1.844;0;0;0;0;0.564
DK;2015;0;52114.165;1.16;0;6.703;45.636;-1.271;0;0;0;0;0.452
EC;2002;0;2180.386;4.097;59.4;0;52.521;3.768;1;1;1;1;12.485
EC;2003;0;2434.977;2.723;54.34;0;44.871;3.835;1;1;1;1;7.929
EC;2004;1;2700.118;8.211;49.68;0;39.756;4.025;1;1;1;1;2.741
EC;2005;2;3025.012;5.291;43.55;0;35.022;2.408;1;1;1;1;2.171
EC;2006;2;3351.476;4.404;38.11;0;28.829;4.607;1;1;1;1;3.296
EC;2008;3;4267.473;6.357;26.21;0;22.237;-3.995;1;1;1;1;8.398
EC;2009;1;4241.938;0.566;22.21;0;17.719;-3.226;1;1;1;1;5.16
EC;2010;0;4633.247;3.525;21.83;0;19.676;-2.394;1;1;1;1;3.552
EC;2011;0;5192.875;7.868;21.14;0;19.43;-2.486;1;1;1;1;4.475
EC;2013;0;6008.094;4.554;21.72;0;25.905;-8.849;1;1;1;1;2.721
EC;2015;0;6070.951;0.019;0;0;34.532;-4.918;1;1;1;1;3.97
EG;1997;0;1342.925;5.919;37.69;0;0;0;1;1;1;1;6.167
EG;1998;0;1469.317;7.543;37.51;0;0;0;1;1;1;1;5.041
EG;1999;0;1532.889;6.11;33.87;0;0;0;1;1;1;1;3.745
EG;2000;0;1642.629;5.383;28.96;0;0;0;1;1;1;1;2.849
EG;2001;0;1569.035;3.524;27.64;0;0;0;1;1;1;1;2.425
EG;2002;0;1356.683;3.186;32.83;63.125;85.776;0;1;1;1;1;2.431
EG;2003;0;1254.101;3.193;35.88;69.628;97.095;0;1;1;1;1;3.21
EG;2004;0;1195.373;4.092;39.82;67.54;96.512;0;1;1;1;1;8.106
EG;2005;0;1330.459;4.472;33.42;67.586;98.263;0;1;1;1;1;8.826
EG;2006;0;1563.479;6.844;27;67.872;85.924;-8.695;1;1;1;1;4.202
EG;2007;0;1861.052;7.088;25.11;61.332;76.268;-7.201;1;1;1;1;10.959
EG;2008;0;2270.356;7.156;19.69;52.844;66.761;-8.103;1;1;1;1;11.698
EG;2009;0;2578.046;4.674;18.54;55.871;69.45;-7.064;1;1;1;1;16.24
EG;2010;0;2921.757;5.147;16.31;57.094;69.59;-8.585;1;1;1;1;11.69
EG;2011;1;3081.17;1.765;14.65;61.331;72.882;-9.642;0;1;1;1;11.09
EG;2012;2;3346.549;2.226;14.39;64.577;75.037;-10.067;0;0;1;1;8.65
EG;2013;0;3369.981;2.101;16.42;74.282;84.663;-13.156;0;0;1;1;6.914
EG;2014;1;3476.25;2.205;14.05;77.803;85.984;-12.453;0;0;1;1;10.099
EG;2015;1;3740.249;4.194;0;77.985;87.655;-11.456;0;0;0;1;10.995
ES;1994;0;13482.945;2.335;0;45.161;58.683;0;0;0;0;0;4.718
ES;1995;0;15548.226;4.122;0;56.975;63.384;0;0;0;0;0;4.674
ES;1996;0;16173.118;2.421;0;60.072;67.526;0;0;0;0;0;3.599
ES;1997;0;14853.891;3.865;0;59.867;66.206;0;0;0;0;0;1.877
ES;1998;0;15531.855;4.469;0;57.374;64.212;0;0;0;0;0;1.764
ES;1999;0;15888.526;4.745;0;54.521;62.459;0;0;0;0;0;2.235
ES;2000;0;14830.782;5.053;0;49.107;57.959;-2.088;0;0;0;0;3.484
ES;2001;0;15385.347;4.004;0;46.326;54.163;-2.145;0;0;0;0;3.589
ES;2002;0;17083.096;2.88;0;42.859;51.268;-1.796;0;0;0;0;3.526
ES;2003;1;21532.45;3.186;0;40.317;47.64;-1.807;0;0;0;0;3.039
ES;2004;0;24988.982;3.17;0;37.718;45.261;-1.634;0;0;0;0;3.046
ES;2005;0;26550.341;3.717;0;34.053;42.284;-0.864;0;0;0;0;3.378
ES;2006;0;28531.246;4.177;0;29.972;38.907;-0.539;0;0;0;0;3.518
ES;2007;0;32748.087;3.769;0;26.017;35.51;-1.283;0;0;0;0;2.781
ES;2008;0;35724.769;1.117;0;30.017;39.399;-7.191;0;0;0;0;4.078
ES;2009;1;32412.231;-3.575;0;24.23;52.705;-10.443;0;0;0;0;-0.284
ES;2010;1;30802.845;0.017;0;32.485;60.066;-8.219;0;0;0;0;1.799
ES;2011;0;31867.783;-1.002;0;39.319;69.462;-7.115;0;0;0;0;3.192
ES;2012;1;28667.773;-2.619;0;52.095;85.411;-3.595;0;0;0;0;2.443
ES;2013;1;29396.754;-1.673;0;59.858;93.675;-2.678;0;0;0;0;1.411
ES;2014;1;29782.222;1.358;0;63.998;99.287;-2.461;0;0;0;0;-0.147
ES;2015;0;25864.721;3.213;0;64.971;98.954;-2.367;0;0;0;0;-0.498
EE;2000;0;4072.163;10.568;0;-0.288;5.114;0.152;0;0;0;0;3.932
EE;2001;0;4494.445;6.329;0;-2.615;4.779;0.403;0;0;0;0;5.626
EE;2002;0;5308.888;6.076;0;-4.818;5.697;0.857;0;0;0;0;3.588
EE;2003;0;7163.764;7.416;0;-6.822;5.623;1.888;0;0;0;0;1.387
EE;2004;0;8835.485;6.295;0;-8.253;5.062;1.648;0;0;0;0;3.038
EE;2005;0;10320.6;9.374;0;-9.248;4.549;0.325;0;0;0;0;4.117
EE;2006;0;12576.698;10.272;0;-10.674;4.404;-0.689;0;0;0;0;4.444
EE;2007;0;16579.404;7.748;0;-10.495;3.664;-2.209;0;0;0;0;6.745
EE;2010;0;14656.666;2.463;0;-7.946;6.55;1.761;0;0;0;0;2.741
ET;2014;0;628.335;10.315;30.8;36.133;40.687;0;1;1;1;1;7.404
ET;2015;0;686.593;10.2;0;43.546;48.616;0;1;1;1;1;10.112
FI;1994;0;21244.022;3.94;0;-28.341;56.118;-2.638;0;0;0;0;1.076
FI;1995;0;25288.337;4.206;0;-7.027;55.147;-3.21;0;0;0;0;1
FI;1996;0;25321.062;3.658;0;-6.425;55.318;-0.933;0;0;0;0;1.069
FI;1997;1;24474.244;6.253;0;-7.26;52.248;-1.166;0;0;0;0;1.217
FI;1998;2;26204.405;5.428;0;-14.056;46.862;0.541;0;0;0;0;1.349
FI;1999;1;26242.767;4.444;0;-48.359;44.009;0.838;0;0;0;0;1.31
FI;2000;1;24347.469;5.635;0;-30.078;42.486;5.333;0;0;0;0;2.952
FI;2001;1;24967.82;2.581;0;-30.439;40.947;3.94;0;0;0;0;2.665
FI;2002;0;26958.545;1.68;0;-30.231;40.17;3.652;0;0;0;0;2.007
FI;2003;0;32921.376;1.994;0;-36.814;42.738;2.252;0;0;0;0;1.29
FI;2004;0;37748.129;3.926;0;-44.742;42.648;1.341;0;0;0;0;0.147
FI;2005;0;39106.576;2.781;0;-56.018;39.937;1.685;0;0;0;0;0.774
FI;2006;0;41240.452;4.055;0;-66.52;38.059;2.237;0;0;0;0;1.275
FI;2007;0;48463.305;5.185;0;-69.738;33.993;2.071;0;0;0;0;1.583
FI;2008;0;53785.144;0.721;0;-49.968;32.654;1.654;0;0;0;0;3.916
FI;2009;0;47337.938;-8.269;0;-59.646;41.696;-0.081;0;0;0;0;1.634
FI;2010;0;46391.713;2.992;0;-61.76;47.119;-1.408;0;0;0;0;1.686
FI;2011;0;50960.182;2.571;0;-48.777;48.504;-0.942;0;0;0;0;3.324
FI;2012;0;47553.397;-1.426;0;-50.301;52.888;-1.095;0;0;0;0;3.162
FI;2013;0;49766.371;-0.758;0;-53.867;55.428;-0.89;0;0;0;0;2.216
FI;2014;1;50037.637;-0.699;0;-50.05;59.295;-1.107;0;0;0;0;1.209
FI;2015;1;41973.988;0.431;0;-46.286;62.412;-0.961;0;0;0;0;-0.156
FR;1994;0;24398.135;2.345;0;41.32;49.328;-4.275;0;0;0;0;1.664
FR;1995;0;27898.303;2.085;0;46.32;55.455;-4.096;0;0;0;0;1.769
FR;1996;0;27870.574;1.388;0;49.335;59.367;-2.465;0;0;0;0;2.078
FR;1997;0;25166.999;2.337;0;50.449;60.781;-2.237;0;0;0;0;1.268
FR;1998;0;25951.704;3.556;0;50.766;60.842;-1.651;0;0;0;0;0.679
FR;1999;0;25680.897;3.407;0;50.484;60.015;-1.346;0;0;0;0;0.574
FR;2000;0;23317.944;3.875;0;49.848;58.433;-2.007;0;0;0;0;1.819
FR;2001;0;23342.092;1.954;0;49.682;57.943;-2.129;0;0;0;0;1.783
FR;2002;0;25226.206;1.118;0;51.409;59.84;-3.376;0;0;0;0;1.938
FR;2003;0;30808.706;0.82;0;55.031;63.947;-3.549;0;0;0;0;2.17
FR;2004;0;35153.793;2.786;0;56.77;65.515;-3.544;0;0;0;0;2.332
FR;2005;0;36209.519;1.608;0;58.77;67.004;-3.643;0;0;0;0;1.887
FR;2006;0;37900.031;2.375;0;57.838;64.243;-2.876;0;0;0;0;1.894
FR;2007;0;43155.504;2.361;0;57.749;64.189;-3.614;0;0;0;0;1.607
FR;2008;0;47273.321;0.195;0;60.315;67.851;-3.913;0;0;0;0;3.16
FR;2009;0;43234.246;-2.941;0;70.061;78.762;-5.559;0;0;0;0;0.105
FR;2010;0;42249.064;1.966;0;73.746;81.457;-5.705;0;0;0;0;1.735
FR;2011;0;45430.283;2.079;0;76.381;84.952;-4.603;0;0;0;0;2.289
FR;2012;1;42333.09;0.183;0;81.693;89.404;-3.702;0;0;0;0;2.216
FR;2013;1;44132.218;0.656;0;84.58;92.291;-2.848;0;0;0;0;0.989
FR;2014;0;44288.763;0.18;0;87.851;95.561;-2.359;0;0;0;0;0.613
FR;2015;0;37675.006;1.137;0;89.075;96.786;-2.112;0;0;0;0;0.086
GA;2007;0;8639.698;6.333;45.8;0;39.693;0;1;1;1;1;-1.021
GA;2008;0;10377.414;1.733;16.12;0;16.93;0;1;1;1;1;5.263
GA;2009;0;7833.864;-2.279;21.74;0;23.09;0;1;1;1;1;1.885
GA;2010;0;8917.315;6.27;20.24;0;20.509;0;1;1;1;1;1.447
GA;2011;0;10891.096;7.092;17.83;0;17.853;0;1;1;1;1;1.262
GA;2012;0;9903.189;5.251;18.56;0;19.699;0;1;1;1;1;2.683
GA;2013;0;9760.882;5.638;27.17;0;29.238;0;1;1;1;1;0.48
GA;2014;0;9956.474;4.315;25.1;0;32.161;0;0;1;1;1;4.512
GA;2015;0;7735.939;4.013;0;0;43.924;0;0;0;1;1;0.098
GB;1995;0;21330.818;2.522;0;42.719;47.415;-4.498;0;0;0;0;2.675
GB;1996;0;22466.258;2.668;0;45.943;47.497;-3.074;0;0;0;0;2.457
GB;1997;0;24805.263;3.099;0;42.505;46.616;-1.555;0;0;0;0;1.816
GB;1998;0;26286.69;3.376;0;40.066;43.984;-0.01;0;0;0;0;1.558
GB;1999;0;26676.575;3.113;0;38.145;41.745;0.773;0;0;0;0;1.347
GB;2000;0;26405.086;3.799;0;32.55;38.898;0.824;0;0;0;0;0.797
GB;2001;0;25987.053;2.758;0;31.291;36.026;-0.002;0;0;0;0;1.238
GB;2002;0;28326.483;2.494;0;31.44;35.81;-2.402;0;0;0;0;1.234
GB;2003;0;32633.536;3.337;0;33.311;37.329;-3.968;0;0;0;0;1.376
GB;2004;0;38403.797;2.488;0;36.087;40.194;-4.307;0;0;0;0;1.346
GB;2005;0;40162.395;2.996;0;37.372;41.489;-4.564;0;0;0;0;2.036
GB;2006;0;42722.49;2.662;0;37.868;42.446;-4.358;0;0;0;0;2.347
GB;2007;0;48700.804;2.586;0;38.238;43.536;-4.844;0;0;0;0;2.314
GB;2008;0;45402.355;-0.467;0;45.68;51.744;-5.932;0;0;0;0;3.597
GB;2009;0;37484.79;-4.192;0;58.711;65.661;-9.034;0;0;0;0;2.184
GB;2010;0;38594.959;1.54;0;69.227;76.559;-7.568;0;0;0;0;3.302
GB;2011;0;41026.196;1.972;0;73.331;81.766;-6.026;0;0;0;0;4.463
GB;2012;0;41431.658;1.179;0;76.63;85.318;-6.043;0;0;0;0;2.801
GE;2007;1;2478.769;12.579;29.26;0;25.5;-1.579;1;1;1;1;9.245
GE;2008;1;3158.884;2.418;61.27;0;31.2;-3.565;1;1;1;1;9.999
GE;2009;1;2693.734;-3.65;81.33;0;41;-7.386;1;1;1;1;1.728
GE;2010;0;2951.244;6.249;87.04;0;42.4;-3.63;1;1;1;1;7.111
GE;2011;0;3710.701;7.222;82.03;0;36.5;-1.057;1;1;1;1;8.543
GE;2012;0;4130.549;6.35;78.88;0;34.9;-1.645;1;1;1;1;-0.944
GE;2013;0;4266.593;3.387;83.16;0;34.7;-0.138;1;1;1;1;-0.512
GE;2014;0;4428.262;4.623;83.75;0;35.5;-1.275;1;1;1;1;3.069
GE;2015;0;3788.624;2.757;0;0;41.199;-0.25;1;1;1;1;4.005
GH;2005;0;836.35;5.868;67.59;43.616;47.99;0;1;1;1;1;15.095
GH;2006;0;952.758;6.25;18.11;21.923;26.216;0;1;1;1;1;11.683
GH;2007;0;1126.861;4.348;20.7;23.259;31.044;0;1;1;1;1;10.729
GH;2008;0;1266.113;9.148;19.97;30.099;33.593;0;1;1;1;1;16.505
GH;2009;0;1124.197;4.845;27.73;32.555;36.087;0;1;1;1;1;13.139
GH;2010;1;1357.644;7.898;29.38;43.032;46.259;0;1;1;1;1;6.698
GH;2011;1;1627.899;14.048;29.42;38.76;42.609;0;1;1;1;1;7.676
GH;2012;1;1682.583;9.293;31.56;46.996;49.076;0;1;1;1;1;7.072
GH;2013;0;1870.158;7.313;34.01;52.895;56.238;0;1;1;1;1;11.666
GH;2014;1;1472.992;3.986;47.73;66.13;69.04;0;1;1;1;1;15.486
GH;2015;1;1340.416;3.488;0;70.943;73.316;0;1;1;1;1;17.153
GR;1995;0;13000.032;2.1;0;0;93.351;-5.627;0;0;0;0;8.818
GR;1996;0;13776.953;2.863;0;0;94.911;-5.243;0;0;0;0;7.873
GR;1997;1;13485.692;4.484;0;0;91.696;-4.727;0;0;0;0;5.441
GR;1998;0;13526.764;3.895;0;0;89.351;-2.702;0;0;0;0;4.517
GR;2000;0;12268.134;3.92;0;0;99.805;-2.009;0;0;0;0;2.897
GR;2001;0;12579.239;4.132;0;0;99.786;-3.03;0;0;0;0;3.642
GR;2002;0;14178.161;3.923;0;0;97.402;-3.429;0;0;0;0;3.921
GR;2003;0;18533.8;5.795;0;0;93.919;-5.915;0;0;0;0;3.45
GR;2004;0;22014.606;5.061;0;0;94.549;-8.136;0;0;0;0;3.02
GR;2005;0;22626.136;0.599;0;0;98.082;-6.483;0;0;0;0;3.486
GR;2006;0;24858.259;5.652;0;0;102.911;-8.372;0;0;0;0;3.314
GR;2007;0;28899.948;3.274;0;0;102.838;-10.429;0;0;0;0;2.989
GR;2008;0;32198.014;-0.335;0;0;108.8;-13.849;0;0;0;0;4.23
GR;2009;0;29819.229;-4.301;0;0;126.165;-18.609;0;0;0;0;1.347
GR;2010;2;26972.873;-5.479;0;0;145.783;-12.128;0;0;0;0;4.704
GR;2011;2;25896.934;-9.132;0;0;171.557;-8.439;0;0;0;0;3.118
GR;2013;0;21773.271;-3.198;0;174.101;176.938;-0.983;1;1;1;1;-0.854
GR;2014;0;21593.481;0.654;0;176.301;178.396;-2.375;1;1;1;1;-1.394
GT;2006;1;2320.296;5.38;37.04;0;21.651;0;1;1;1;1;6.562
GT;2007;1;2554.522;6.304;38.1;0;21.339;0;1;1;1;1;6.822
GT;2008;1;2859.649;3.281;36.18;0;20.126;0;1;1;1;1;11.355
GT;2009;1;2690.087;0.526;40.46;0;22.918;0;0;1;1;1;1.86
GT;2010;1;2875.311;2.869;37.48;0;24.107;0;0;0;1;1;3.86
GT;2011;1;3233.803;4.162;35.38;0;23.666;0;0;0;1;1;6.215
GT;2012;1;3335.913;2.97;31.06;0;24.328;0;0;0;1;1;3.783
GT;2013;1;3478.2;3.698;32.79;0;24.619;0;0;0;0;1;4.343
GT;2014;0;3706.909;4.25;33.86;0;24.24;0;1;1;1;1;3.418
GT;2015;0;3929.081;4;0;0;24.255;0;0;1;1;1;2.389
HR;1997;0;4423.625;5.362;0;0;0;0;1;1;1;1;3.709
HR;1998;0;4788.043;2.523;0;0;25.415;0;0;1;1;1;6.71
HR;2001;0;5406.09;3.435;0;0;34.6;0;0;0;1;1;3.763
HR;2002;0;6249.631;5.246;0;0;36.324;-3.01;0;0;0;1;1.675
HR;2003;0;8063.929;5.558;0;0;37.503;-4.262;0;0;0;1;1.772
HR;2010;0;13498.443;-1.702;0;0;56.982;-5.104;0;0;0;0;1.047
HR;2011;0;14531.16;-0.281;0;0;63.712;-6.967;0;0;0;0;2.262
HR;2012;1;13233.376;-2.188;0;0;69.235;-4.103;0;0;0;0;3.427
HR;2013;0;13568.95;-1.064;0;0;80.751;-3.88;0;0;0;0;2.192
HR;2014;0;13490.038;-0.361;0;0;85.124;-4.131;0;0;0;0;-0.208
HR;2015;0;11572.905;1.645;0;0;87.685;-3.109;0;0;0;0;-0.464
HU;1996;0;4503.913;0.043;0;0;71.562;0;0;0;0;0;23.428
HU;1997;1;4575.353;3.425;0;0;62.116;0;0;0;0;0;18.314
HU;1998;0;4729.106;4.21;0;0;60.037;0;0;0;0;0;14.175
HU;1999;1;4782.306;3.244;0;0;59.879;0;0;0;0;0;10.031
HU;2000;0;4614.545;4.227;0;0;55.142;0;0;0;0;0;9.781
HU;2001;0;5260.435;3.849;0;0;51.743;0;0;0;0;0;9.156
HU;2002;0;6635.53;4.481;0;0;54.994;0;0;0;0;0;5.262
HU;2003;0;8380.844;3.844;0;0;57.602;0;0;0;0;0;4.648
HU;2004;0;10244.252;4.938;0;0;58.519;0;0;0;0;0;6.78
HU;2006;0;11385.703;3.806;0;62.123;64.674;0;0;0;0;0;3.878
HU;2007;0;13816.787;0.426;0;63.13;65.616;0;0;0;0;0;7.935
HU;2008;0;15639.107;0.839;0;63.646;71.647;0;0;0;0;0;6.066
HU;2009;1;12937.301;-6.559;0;72.216;77.958;0;0;0;0;0;4.209
HU;2010;0;12991.136;0.743;0;75.226;80.582;0;1;1;1;1;4.881
HU;2011;1;14013.414;1.758;0;74.437;80.76;0;0;1;1;1;3.957
HU;2012;1;12804.69;-1.689;0;72.099;78.294;0;0;0;1;1;5.706
HU;2013;1;13563.606;1.89;0;71.2;76.755;0;0;0;1;1;1.726
HU;2014;1;14006.953;3.672;0;70.996;76.179;0;0;0;1;1;-0.2
HU;2015;0;12239.894;2.939;0;71.567;75.523;0;0;0;0;1;-0.1
ID;1997;0;1308.114;4.7;65.09;0;0;0;0;0;1;1;6.194
ID;1998;1;572.09;-13.127;168.18;0;0;0;1;1;1;1;58.02
ID;1999;1;829.574;0.791;117.36;0;0;0;1;1;1;1;20.75
ID;2000;0;870.154;4.979;95.57;0;87.437;0;1;1;1;1;3.773
ID;2001;2;834.139;3.643;92.28;0;73.702;0;1;1;1;1;11.502
ID;2002;2;1002.907;4.499;74.32;0;62.339;0;1;1;1;1;11.78
ID;2003;1;1186.845;4.78;59.26;0;55.643;0;1;1;1;1;6.773
ID;2004;0;1280.696;5.031;56.11;0;51.328;-0.257;1;1;1;1;6.062
ID;2005;1;1403.876;5.693;49.57;0;42.612;0.4;0;1;1;1;10.459
ID;2006;0;1764.79;5.501;38.1;0;35.848;0.415;1;1;1;1;13.104
ID;2007;0;2064.232;6.345;34.15;0;32.333;-0.909;1;1;1;1;6.662
ID;2008;1;2418.043;7.442;31.59;0;30.252;-0.112;0;1;1;1;9.777
ID;2009;1;2464.956;4.702;33.2;0;26.483;-1.573;0;0;1;1;5.047
ID;2010;1;3178.133;6.378;27.56;0;24.525;-1.229;0;0;1;1;5.14
ID;2011;1;3688.531;6.17;26.01;0;23.106;-0.7;0;0;1;1;5.344
ID;2012;1;3744.53;6.03;28.32;0;22.96;-1.604;0;0;0;1;3.981
ID;2013;1;3675.583;5.557;30.05;0;24.847;-2.278;1;1;1;1;6.413
ID;2014;1;3531.804;5.024;34.14;0;24.695;-2.131;0;1;1;1;6.395
ID;2015;1;3362.357;4.794;0;0;27.25;-2.449;0;0;1;1;6.363
IN;2000;1;463.118;3.975;21.44;0;73.649;-7.464;0;0;0;1;3.818
IN;2001;0;471.311;4.944;20.32;0;78.728;-9.851;0;0;0;1;4.315
IN;2002;0;492.234;3.907;20.31;0;82.85;-9.279;0;0;0;1;3.975
IN;2003;0;572.299;7.944;19.37;0;84.243;-10.051;0;0;0;1;3.857
IN;2004;1;657.522;7.849;17.25;0;83.289;-8.038;0;0;0;0;3.831
IN;2005;0;748.85;9.285;14.63;0;80.894;-7.154;0;0;0;0;4.009
IN;2006;1;839.927;9.264;17.14;0;77.108;-6.336;0;0;0;0;5.742
IN;2007;0;1080.89;9.801;16.73;0;74.027;-4.906;0;0;0;0;5.927
IN;2008;0;1053.439;3.891;18.88;0;74.536;-9.552;0;0;0;0;9.197
IN;2009;0;1159.061;8.48;18.63;0;72.527;-9.538;0;0;0;0;10.614
IN;2010;0;1429.599;10.26;18.1;0;67.458;-8.813;0;0;0;0;9.497
IN;2011;0;1497.401;6.638;19.18;0;68.844;-8.484;0;0;0;0;9.544
IN;2012;0;1471.427;5.619;21.85;0;67.703;-7.413;0;0;0;0;9.936
IN;2013;0;1479.496;6.639;23.2;0;66.235;-7.561;0;0;0;0;9.437
IN;2014;0;1600.852;7.244;22.73;0;66.354;-6.944;0;0;0;0;5.927
IN;2015;0;1617.309;7.336;0;0;67.201;-7.105;0;0;0;0;4.932
IE;1994;2;15545.862;5.894;0;0;0;0;0;0;0;0;2.366
IE;1995;1;19222.121;9.593;0;0;78.549;0;0;0;0;0;2.518
IE;1996;1;20918.136;9.269;0;0;69.879;0;0;0;0;0;2.167
IE;1997;1;22604.283;11.178;0;0;61.608;0;0;0;0;0;1.254
IE;1998;1;24326.316;8.913;0;0;52.983;0;0;0;0;0;2.143
IE;1999;1;26375.984;10.762;0;0;46.652;4.356;0;0;0;0;2.448
IE;2000;1;26350.305;10.229;0;25.345;36.078;3.316;0;0;0;0;5.279
IE;2001;0;28356.9;5.833;0;20.959;33.246;-1.258;0;0;0;0;3.987
IE;2002;0;32676.976;5.937;0;22.524;30.556;-1.069;0;0;0;0;4.697
IE;2003;0;41348.462;3.842;0;21.788;29.878;-1.091;0;0;0;0;4.02
IE;2004;0;47951.521;4.405;0;19.335;28.209;-2.559;0;0;0;0;2.3
IE;2005;0;51140.073;6.334;0;17.536;26.109;-3.911;0;0;0;0;2.183
IE;2006;0;54807.092;6.309;0;14.318;23.627;-5.31;0;0;0;0;2.684
IE;2007;0;61634.777;5.543;0;14.201;23.926;-9.586;0;0;0;0;2.88
IE;2008;0;61252.55;-2.162;0;22.467;42.445;-12.538;0;0;0;0;3.119
IE;2011;0;52853.584;2.588;0;77.586;109.304;-6.156;0;0;0;0;1.213
IE;2012;0;48992.915;0.151;0;86.666;120.242;-4.949;0;0;0;0;1.9
IE;2013;0;51873.46;1.434;0;89.663;119.998;-3.06;0;0;0;0;0.529
IS;2000;0;31982.172;4.724;0;34.745;37.557;1.223;0;0;0;0;5.119
IS;2001;0;28672.174;3.763;0;39.911;42.806;-1.469;0;0;0;0;6.395
IS;2002;0;31969.884;0.453;0;37.083;39.646;-1.709;0;0;0;0;5.174
IS;2003;0;39161.315;2.742;0;35.761;38.451;-1.578;0;0;0;0;2.065
IS;2004;0;47182.843;8.22;0;29.798;33.044;-1.039;0;0;0;0;3.151
IS;2005;0;57052.814;5.96;0;18.723;24.57;2.548;0;0;0;0;4
IS;2006;1;56825.007;4.206;0;20.427;29.3;4.34;0;0;0;0;6.676
IS;2007;0;69209.501;9.493;0;17.56;27.335;2.867;0;0;0;0;5.064
IS;2008;1;55571.912;1.479;0;53.34;67.559;-4.46;0;0;0;0;12.678
IS;2009;0;40252.223;-4.681;0;66.257;82.868;-10.041;0;0;0;0;12.003
IS;2012;0;44459.642;1.246;0;63.85;92.614;-2.417;0;0;0;0;5.186
IS;2013;0;48040.03;4.389;0;62.244;84.812;-1.765;0;0;0;0;3.872
IS;2014;0;52688.852;1.954;0;55.893;82.509;-1.524;0;0;0;0;2.044
IS;2015;0;50854.583;3.957;0;49.198;67.591;-1.594;0;0;0;0;1.633
IL;1995;0;18039.448;9.654;0;0;0;0;0;0;0;0;10.043
IL;1996;0;19320.521;6.157;0;0;0;0;0;0;0;0;11.277
IL;1997;0;19669.412;4.082;0;0;0;0;0;0;0;0;9.001
IL;1998;0;19412.258;4.252;0;0;0;0;0;0;0;0;5.435
IL;1999;0;19160.409;3.737;0;0;0;0;0;0;0;0;5.194
IL;2000;0;21062.398;8.942;0;68;79.545;-5.773;0;0;0;0;1.125
IL;2001;0;20314.877;0.242;0;72.8;83.669;-6.385;0;0;0;0;1.116
IL;2002;0;18440.696;-0.068;0;80.1;90.184;-5.946;0;0;0;0;5.687
IL;2003;0;18954.44;1.177;0;82.9;92.926;-4.996;0;0;0;0;0.67
IL;2004;0;19896.598;5.114;0;82.9;91.277;-3.644;0;0;0;0;-0.414
IL;2005;0;20620.751;4.39;0;79.6;87.923;-2.93;0;0;0;0;1.329
IL;2006;0;21911.319;5.802;0;71.8;79.771;-1.4;0;0;0;0;2.107
IL;2008;0;29666.467;3.059;0;65;71.592;-2.84;0;0;0;0;4.594
IL;2009;0;27808.814;1.269;0;66.7;74.323;-4.726;0;0;0;0;3.317
IL;2010;0;30747.795;5.517;0;64.5;70.56;-3.73;0;0;0;0;2.694
IT;1994;0;19186.321;2.152;0;110.772;117.865;-7.972;0;0;0;0;4.164
IT;2002;0;22303.022;0.249;0;86.593;101.923;-4.044;0;0;0;0;2.612
IT;2003;0;27527.379;0.151;0;85.549;100.485;-4.521;0;0;0;0;2.813
IT;2004;1;31319.725;1.582;0;85.228;100.089;-4.622;0;0;0;0;2.257
IT;2005;1;32066.376;0.95;0;86.003;101.94;-4.606;0;0;0;0;2.207
IT;2006;1;33486.011;2.007;0;86.388;102.557;-3.95;0;0;0;0;2.229
IT;2007;1;37890.2;1.474;0;84.142;99.776;-3.08;0;0;0;0;2.025
IT;2008;1;40953.863;-1.05;0;86.237;102.39;-3.826;0;0;0;0;3.492
IT;2009;1;37130.146;-5.482;0;94.222;112.519;-4.226;0;0;0;0;0.765
IT;2010;1;35969.187;1.687;0;98.336;115.378;-3.746;0;0;0;0;1.62
IT;2011;1;38379.31;0.577;0;100.393;116.499;-3.894;0;0;0;0;2.935
IT;2012;1;34918.76;-2.819;0;104.871;123.284;-1.552;0;0;0;0;3.315
IT;2013;1;35703.923;-1.748;0;109.72;128.934;-0.571;0;0;0;0;1.245
IT;2014;2;35239.277;-0.343;0;112.587;132.517;-1.033;0;0;0;0;0.234
IT;2015;2;29866.581;0.76;0;111.439;132.602;-0.843;0;0;0;0;0.108
JM;2006;1;4430.508;2.899;70.33;0;117.119;0;1;1;1;1;8.924
JM;2007;1;4756.272;1.444;85.31;0;114.478;0;1;1;1;1;9.17
JM;2008;0;5054.543;-0.819;78.62;0;127.023;0;1;1;1;1;22.007
JM;2009;0;4434.771;-3.41;96.98;0;141.936;0;1;1;1;1;9.578
JM;2010;0;4811.448;-1.454;110.87;0;142.041;0;1;1;1;1;12.613
JM;2011;0;5226.301;1.424;102.23;0;140.5;0;1;1;1;1;7.526
JM;2012;0;5325.016;-0.519;97.2;0;145.33;0;1;1;1;1;6.895
JM;2014;0;4963.653;0.53;102.16;0;135.615;0;1;1;1;1;8.275
JP;1994;0;38771;0.864;0;18.826;86.218;-3.501;0;0;0;0;0.687
JP;1995;0;42536.165;1.942;0;22.871;95.07;-4.63;0;0;0;0;-0.125
JP;1996;0;37438.881;2.61;0;28.147;102.294;-5.153;0;0;0;0;0.131
JP;1997;0;34324.326;1.596;0;34.063;109.104;-4.124;0;0;0;0;1.76
JP;2001;0;32729.946;0.355;0;65.51;153.635;-5.811;0;0;0;0;-0.804
JP;2002;1;31247.149;0.29;0;74.497;163.992;-7.283;0;0;0;0;-0.9
JP;2003;1;33726.028;1.685;0;77.559;169.572;-7.482;0;0;0;0;-0.25
JP;2004;1;36453.804;2.361;0;82.406;180.657;-5.883;0;0;0;0;-0.01
JP;2005;1;35791.331;1.303;0;82.154;186.436;-4.723;0;0;0;0;-0.274
JP;2006;1;34105.46;1.693;0;81.028;185.997;-3.649;0;0;0;0;0.243
JP;2007;0;34098.582;2.192;0;80.488;183.012;-2.275;0;0;0;0;0.061
JP;2008;0;37975.537;-1.042;0;95.281;191.812;-3.592;0;0;0;0;1.377
JP;2009;0;39475.641;-5.527;0;106.193;210.247;-7.492;0;0;0;0;-1.343
JP;2010;0;43095.326;4.711;0;113.055;215.821;-7.938;0;0;0;0;-0.721
JP;2011;1;46225.058;-0.454;0;127.178;231.629;-8.466;0;0;0;0;-0.289
KZ;1996;0;1349.596;0.5;14.04;0;0;0;1;1;1;1;39.129
KZ;1997;0;1457.027;1.7;18.66;0;0;0;0;1;1;1;17.441
KZ;1998;2;1445.898;-1.9;27.83;0;0;0;0;0;1;1;7.292
KZ;1999;1;1132.124;2.7;40.49;0;0;0;1;1;1;1;8.408
KZ;2000;0;1230.491;9.8;75.66;0;0;0;1;1;1;1;13.331
KZ;2001;0;1491.653;13.5;73.34;0;0;0;0;1;1;1;8.375
KZ;2002;1;1657.15;9.8;78.43;7.852;17.592;2.081;1;1;1;1;5.854
KZ;2003;0;2062.289;9.3;78.67;3.58;14.962;3.364;0;1;1;1;6.452
KZ;2004;0;2862.502;9.6;81.2;0.028;11.392;2.806;0;0;1;1;6.886
KZ;2005;1;3753.441;9.7;83.91;-6.129;8.099;5.739;0;0;1;1;7.541
KZ;2006;0;5261.813;10.7;103.44;-10.855;6.667;6.594;0;0;1;1;8.575
KZ;2007;1;6736.002;8.9;105.44;-13.792;5.874;3.491;0;0;0;1;10.783
KZ;2008;0;8457.343;3.3;94.58;-13.913;6.766;0.599;0;0;0;1;17.149
KZ;2009;0;7118.567;1.2;109.91;-11.044;10.227;-0.733;0;0;0;1;7.296
KZ;2012;0;12033.964;5;72.92;-16.292;12.392;4.082;0;0;0;0;5.119
KZ;2013;0;13508.671;6;68.63;-17.966;12.861;4.235;0;0;0;0;5.83
KZ;2014;0;12505.665;4.3;76.88;-19.478;14.732;1.425;0;0;0;0;6.719
KZ;2015;1;9795.629;1.156;0;-32.841;23.294;-5.958;0;0;0;0;6.45
KE;2007;0;895.226;6.851;23.69;34.423;38.372;0;1;1;1;1;4.265
KE;2008;1;978.454;0.232;21.24;37.132;41.469;0;1;1;1;1;15.101
KE;2009;1;982.003;3.307;23.26;36.864;41.095;0;1;1;1;1;10.552
KE;2010;0;1038.953;8.402;22.11;40.223;44.403;0;1;1;1;1;4.309
KE;2011;0;1062.113;6.112;25;39.063;43.049;0;1;1;1;1;14.022
KE;2012;0;1238.579;4.555;23.39;37.951;41.694;0;1;1;1;1;9.378
KE;2013;0;1314.135;5.687;24.92;38.209;41.622;0;1;1;1;1;5.717
KE;2014;0;1417.129;5.328;26.53;43.25;47.018;0;1;1;1;1;6.878
KE;2015;0;1388.45;5.592;0;49.582;52.689;0;1;1;1;1;6.582
KR;1996;0;13137.108;7.595;0;0;8.243;2.303;0;0;0;0;4.925
KR;1999;0;10409.505;11.309;0;0;16.748;1.613;0;0;0;0;0.813
KR;2000;1;11946.77;8.924;0;0;17.114;4.406;0;0;0;0;2.259
KR;2001;0;11258.815;4.525;0;0;17.702;2.816;0;0;0;0;4.067
KR;2002;1;12788.523;7.432;0;0;17.551;3.312;0;0;0;0;2.762
KR;2003;1;14220.448;2.933;0;20.251;20.449;1.688;0;0;0;0;3.515
KR;2004;1;15922.18;4.9;0;22.546;23.251;0.025;0;0;0;0;3.591
KR;2005;1;18657.52;3.924;0;25.474;26.959;0.909;0;0;0;0;2.754
KR;2006;1;20922.134;5.176;0;27.553;29.272;0.935;0;0;0;0;2.242
KR;2007;1;23101.511;5.463;0;26.79;28.651;1.77;0;0;0;0;2.535
KR;2008;1;20474.887;2.829;0;26.878;28.162;1.292;0;0;0;0;4.674
KR;2009;1;18338.706;0.708;0;29.626;31.38;1.205;0;0;0;0;2.757
KR;2010;1;22151.209;6.497;0;28.896;30.825;1.397;0;0;0;0;2.939
KR;2011;1;24155.829;3.682;0;29.446;31.511;1.482;0;0;0;0;4.026
KR;2012;1;24453.971;2.292;0;30.013;32.127;1.553;0;0;0;0;2.187
KR;2013;1;25997.881;2.896;0;31.568;33.757;0.775;0;0;0;0;1.302
KR;2014;1;27970.494;3.31;0;33;35.119;0.587;0;0;0;0;1.275
KR;2015;0;27195.197;2.591;0;33.922;35.943;0.09;0;0;0;0;0.707
KW;1997;0;13740.681;2.493;0;0;59.198;0;0;0;0;1;0.809
KW;1998;0;11424.919;3.654;0;0;59.498;0;0;0;0;1;0.6
KW;1999;0;13358.134;-1.789;0;0;50.823;0;0;0;0;1;3.083
KW;2000;0;17012.776;4.691;0;0;35.429;0;0;0;0;1;1.569
KW;2001;0;15108.112;0.209;0;0;36.43;0;0;0;0;1;1.448
KW;2002;1;15759.074;3.014;0;0;32.333;0;0;0;0;0;0.797
KW;2003;1;18786.749;17.337;0;0;24.615;0;0;0;0;0;0.986
KW;2004;1;21585.563;10.762;0;0;18.616;0;0;0;0;0;1.257
KW;2005;1;27014.773;10.076;0;0;14.137;0;0;0;0;0;4.12
KW;2006;1;31907.199;7.52;0;0;10.57;0;0;0;0;0;3.092
KW;2007;0;33732.522;5.992;0;0;11.832;0;0;0;0;0;5.465
KW;2008;1;42827.126;2.48;0;0;9.57;0;0;0;0;0;6.3
KW;2009;1;30414.739;-7.076;0;0;11.046;0;0;0;0;0;4.61
KW;2010;1;32216.413;-2.371;0;0;11.34;0;0;0;0;0;4.496
KW;2011;0;41830.517;10.606;0;0;8.548;0;0;0;0;0;4.905
KW;2012;0;45992.898;7.666;0;0;6.789;0;0;0;0;0;3.199
KW;2013;0;45202.08;1.044;0;0;6.437;0;0;0;0;0;2.703
KW;2014;0;43005.427;0.029;0;0;7.082;0;0;0;0;0;2.941
KW;2015;0;29363.027;0.901;0;0;10.591;0;0;0;0;0;3.4
LB;1997;1;5090.901;10.19;31.69;0;0;0;0;1;1;1;7.748
LB;1998;0;5552.029;3.9;40.08;0;0;0;0;0;1;1;4.549
LB;1999;0;5513.693;-0.8;48.25;0;0;0;0;0;1;1;0.241
LB;2000;1;5330.985;1.1;58.29;143.228;146.106;-23.77;0;0;1;1;-0.356
LB;2002;0;5430.421;3.4;96.45;155.657;160.947;-15.601;0;0;0;1;1.759
LB;2003;0;5351.762;1.7;117.25;166.28;169.03;-18.221;1;1;1;1;1.268
LB;2004;0;5438.372;5.056;114.88;165.666;171.183;-14.386;0;1;1;1;1.672
LB;2005;0;5339.091;2.7;110.58;172.406;180.699;-14.082;0;0;1;1;-0.718
LB;2006;0;5342.637;1.6;114.28;180.199;185.188;-18.198;0;0;1;1;5.57
LB;2008;0;6887.697;9.1;83.12;151.166;163.092;-17.267;0;0;0;1;10.758
LB;2010;0;8755.85;8;65.57;129.024;138.391;-13.785;0;0;0;1;3.983
LB;2011;0;9143.861;0.9;61.62;128.276;133.888;-13.289;0;0;0;1;4.971
LB;2012;0;9966.391;2.8;66.95;123.485;130.803;-18.238;0;0;0;1;6.581
LB;2013;1;10654.634;2.5;70.3;124.189;133.36;-14.267;0;0;0;0;4.821
LB;2014;1;11073.374;2;66.44;125.205;133.276;-13.797;0;0;0;0;1.854
LB;2015;1;11236.793;1;0;131.2;139.076;-12.209;0;0;0;0;-3.749
LK;2005;1;1244.599;6.242;46.86;0;90.605;0;1;1;1;1;10.983
LK;2006;1;1429.936;7.668;42.54;0;87.885;0;1;1;1;1;10.02
LK;2007;1;1624.177;6.797;44.38;0;84.997;0;1;1;1;1;15.842
LK;2010;0;2428.865;8.016;38.79;0;81.909;0;1;1;1;1;6.218
LK;2011;1;2880.029;8.405;40.05;0;78.452;0;1;1;1;1;6.717
LK;2012;1;2874.346;9.145;55.28;0;79.172;0;1;1;1;1;7.543
LK;2013;1;3233.986;3.396;55.01;0;78.315;0;1;1;1;1;6.912
LK;2014;1;3579.785;4.458;54.87;0;75.411;0;1;1;1;1;3.268
LK;2015;1;3889.411;5.183;0;0;74.429;0;0;1;1;1;0.932
LU;1994;0;43717.445;3.821;0;0;0;0;0;0;0;0;2.2
LU;1995;0;51189.751;1.432;0;0;8.08;1.468;0;0;0;0;1.9
LU;1996;0;50187.155;1.515;0;0;7.949;2.057;0;0;0;0;1.156
LU;1997;0;44622.607;5.937;0;0;7.907;4.547;0;0;0;0;1.371
LU;1998;0;46066.651;6.492;0;0;7.57;4.291;0;0;0;0;0.974
LU;1999;0;49801.62;8.421;0;0;6.7;3.484;0;0;0;0;1.016
LU;2000;0;49442.192;8.442;0;0;6.079;5.339;0;0;0;0;3.783
LU;2001;0;47941.219;2.152;0;0;6.58;5.968;0;0;0;0;2.404
LU;2002;0;52676.917;3.621;0;0;6.526;2.157;0;0;0;0;2.056
LU;2003;0;65274.955;1.398;0;0;6.384;1.253;0;0;0;0;2.532
LU;2004;0;75589.701;4.411;0;0;6.472;-0.634;0;0;0;0;3.24
LU;2005;0;80308.158;3.216;0;0;6.338;0.814;0;0;0;0;3.763
LU;2006;0;89427.275;5.111;0;0;6.998;1.392;0;0;0;0;2.962
LU;2007;0;105823.317;8.396;0;0;7.001;2.109;0;0;0;0;2.655
LU;2008;0;114522.997;-0.843;0;0;14.396;2.22;0;0;0;0;4.092
LU;2009;0;102359.179;-5.378;0;0;15.402;1.27;0;0;0;0;0.007
LU;2010;0;104452.27;5.678;0;0;19.561;-0.544;0;0;0;0;2.795
LU;2011;0;114665.68;2.567;0;0;19.118;0.123;0;0;0;0;3.732
LU;2012;0;106720.483;-0.846;0;0;21.987;1.138;0;0;0;0;2.888
LU;2013;0;115109.309;4.347;0;0;23.334;1.034;0;0;0;0;1.698
LU;2014;0;118204.298;4.07;0;0;22.925;1.505;0;0;0;0;0.696
LU;2015;0;101994.093;4.521;0;0;21.795;0.726;0;0;0;0;0.062
MX;1995;0;3641.056;-5.759;49.91;0;0;0;0;0;1;1;35.062
MX;1996;0;4131.783;5.875;40.77;0;46.258;0;0;0;0;1;34.35
MX;1997;0;4907.359;6.963;31.59;0;42.611;-5.34;0;0;0;1;20.597
MX;1998;0;5038.818;4.702;32.58;37.713;44.094;-6.267;0;0;0;1;15.916
MX;1999;0;5722.042;2.667;29.51;38.778;46.318;-5.954;0;0;0;1;16.565
MX;2000;0;6649.74;5.296;22.77;35.404;41.85;-3.581;0;0;0;1;9.486
MX;2001;0;6952.172;-0.605;23.34;35.591;41.111;-3.094;0;0;0;0;6.367
MX;2002;0;7023.818;0.132;21.54;38.065;43.466;-3.184;0;0;0;0;5.037
MX;2003;0;6673.156;1.423;23.06;35.583;44.747;-1.506;0;0;0;0;4.551
MX;2004;0;7115.143;4.296;21.67;32.837;40.845;-0.548;0;0;0;0;4.694
MX;2005;0;7893.968;3.033;20.11;31.502;39.019;-0.849;0;0;0;0;3.99
MX;2006;0;8680.571;5.001;18.13;29.753;37.752;-1.056;0;0;0;0;3.633
MX;2007;0;9222.891;3.148;18.47;29.066;37.534;-1.364;0;0;0;0;3.969
MX;2008;0;9578.556;1.4;17.98;33.152;42.827;-1.478;0;0;0;0;5.129
MX;2009;0;7661.223;-4.7;21.4;36.235;43.924;-3.656;0;0;0;0;5.296
MX;2010;0;8861.488;5.11;23.32;36.238;42.229;-3.554;0;0;0;0;4.155
MX;2011;0;9730.258;4.045;24.23;37.461;43.199;-3.925;0;0;0;0;3.404
MX;2012;0;9720.592;4.018;29.44;37.697;43.171;-4.517;0;0;0;0;4.111
MX;2013;0;10197.451;1.345;32.13;40.359;46.357;-4.26;0;0;0;0;3.803
MX;2014;0;10350.854;2.25;33.2;43.162;49.511;-4.733;0;0;0;0;4.019
MX;2015;0;9009.28;2.547;0;47.605;54.002;-4.092;0;0;0;0;2.72
MN;2005;1;1149.842;6.507;56.49;0;0;0;1;1;1;1;12.457
MN;2006;0;1583.689;8.163;44.33;0;0;0;1;1;1;1;4.486
MN;2014;0;4168.917;7.885;185.41;0;0;0;1;1;1;1;12.907
MN;2015;0;3951.906;2.295;0;0;0;0;0;1;1;1;5.889
MZ;2004;0;330.198;7.811;69.22;0;59.706;0;1;1;1;1;12.634
MZ;2005;0;361.492;8.721;59.65;0;70.158;0;1;1;1;1;6.428
MZ;2006;0;382;9.851;36.37;0;46.611;0;1;1;1;1;13.245
MZ;2013;0;604.999;7.141;43.92;0;50.945;0;1;1;1;1;4.208
MZ;2014;1;619.349;7.434;46.54;0;57.01;0;1;1;1;1;2.287
MZ;2015;1;534.879;6.3;0;0;74.816;0;1;1;1;1;2.392
MY;1999;0;3710.067;6.131;56.99;0;34.851;-2.334;0;0;0;0;2.731
MY;2000;0;4286.832;8.671;48.67;0;32.881;-6.386;0;0;0;0;1.551
MY;2001;0;4130.378;0.518;52.48;0;38.505;-3.594;0;0;0;0;1.427
MY;2002;0;4379.641;5.391;51.29;0;40.094;-3.392;0;0;0;0;1.793
MY;2004;0;5171.417;6.783;51.14;0;42.556;-3.589;0;0;0;0;1.42
MY;2005;0;5599.049;4.976;47.31;0;41.357;-2.916;0;0;0;0;3.039
MY;2006;0;6264.419;5.584;44.34;0;40.225;-2.957;0;0;0;0;3.621
MY;2007;0;7378.585;6.299;44.45;0;39.907;-3.259;0;0;0;0;2.027
MY;2008;0;8646.566;4.832;47.74;0;39.92;-3.641;0;0;0;0;5.429
MY;2009;0;7439.435;-1.514;60.34;0;51.124;-5.684;0;0;0;0;0.597
MY;2010;0;8920.47;7.528;54.19;0;51.94;-4.354;0;0;0;0;1.72
MY;2011;0;10252.576;5.294;49.81;0;52.636;-3.012;0;0;0;0;3.174
MY;2012;0;10652.7;5.473;65.01;0;54.552;-3.803;0;0;0;0;1.664
MY;2013;0;10808.582;4.713;67.92;0;55.894;-3.558;0;0;0;0;2.105
MY;2014;0;11050.003;5.993;65.49;0;55.574;-2.341;0;0;0;0;3.143
MY;2015;0;9556.774;4.952;0;0;57.405;-3.252;0;0;0;0;2.104
NG;2006;0;1555.221;8.327;6.76;0;0;0;1;1;1;1;8.218
NG;2007;0;1789.815;9.061;7.78;0;0;0;1;1;1;1;5.413
NG;2008;0;2201.77;8.014;6.75;0;0;0;0;1;1;1;11.581
NG;2009;1;1780.884;8.971;10.24;6.677;9.574;0;0;0;1;1;12.524
NG;2010;1;2395.624;9.969;4.41;8.847;9.579;0;0;0;1;1;13.742
NG;2011;1;2612.123;4.887;4.48;9.032;10.178;0;0;0;1;1;10.825
NG;2012;0;2835.29;4.279;4.29;8.05;10.402;0;0;0;0;1;12.225
NG;2013;0;3082.492;5.394;4.42;9.942;10.478;0;0;0;0;1;8.495
NG;2014;0;3300.027;6.31;4.89;9.998;10.579;0;1;1;1;1;8.048
NG;2015;1;2742.861;2.653;0;11.038;11.503;0;1;1;1;1;9.01
NL;1994;0;24307.215;2.96;0;0;75.3;-0.191;0;0;0;0;2.121
NL;1995;0;28910.827;2.564;0;33.885;73.146;-4.608;0;0;0;0;1.355
NL;1996;0;28708.636;3.562;0;31.233;71.24;1.468;0;0;0;0;1.457
NL;1997;0;26437.581;4.297;0;27.943;65.578;1.313;0;0;0;0;1.86
NL;1998;0;27572.804;4.531;0;25.781;62.452;0.897;0;0;0;0;1.777
NL;1999;0;27988.585;5.048;0;19.647;58.173;1.263;0;0;0;0;2.033
NL;2000;0;25996.363;4.245;0;19.038;51.35;2.327;0;0;0;0;2.337
NL;2001;0;26607.258;2.128;0;19.876;48.684;-0.012;0;0;0;0;5.119
NL;2002;0;28919.204;0.103;0;22.09;48.172;-0.737;0;0;0;0;3.859
NL;2003;0;35313.251;0.285;0;23.321;49.306;-1.153;0;0;0;0;2.234
NL;2004;0;40008.325;2.028;0;24.344;49.614;-0.243;0;0;0;0;1.386
NL;2005;0;41647.987;2.156;0;21.831;48.943;1.073;0;0;0;0;1.492
NL;2006;0;44493.248;3.52;0;20.685;44.475;0.668;0;0;0;0;1.65
NL;2007;0;51311.404;3.696;0;17.701;42.376;-0.019;0;0;0;0;1.585
NL;2008;0;57197.22;1.708;0;16.166;54.467;0.747;0;0;0;0;2.21
NL;2009;0;52033.158;-3.773;0;20.176;56.493;-2.878;0;0;0;0;0.974
NL;2010;0;50433.312;1.401;0;23.326;59.006;-3.019;0;0;0;0;0.931
NL;2011;0;53589.909;1.664;0;26.775;61.659;-2.778;0;0;0;0;2.475
NL;2012;0;49501.985;-1.057;0;28.315;66.431;-1.836;0;0;0;0;2.824
NL;2013;1;51442.484;-0.494;0;31.157;67.941;-0.225;0;0;0;0;2.562
NL;2014;1;52224.644;1.013;0;32.954;68.207;-0.389;0;0;0;0;0.318
NL;2015;0;43603.115;1.925;0;34.729;67.613;-0.266;0;0;0;0;0.212
NO;1995;0;34793.767;4.154;0;-41.756;32.07;-5.902;0;0;0;0;2.448
NO;1996;0;37225.39;5.028;0;-46.562;27.841;-4.419;0;0;0;0;1.248
NO;1997;0;36565.445;5.285;0;-52.676;25.171;-3.77;0;0;0;0;2.579
NO;1998;0;34720.82;2.624;0;-57.05;22.94;-5.462;0;0;0;0;2.267
NO;1999;0;36285.346;2.013;0;-61.421;24.32;-4.298;0;0;0;0;2.333
NO;2000;0;38067.181;3.205;0;-71.3;28.099;-1.864;0;0;0;0;3.086
NO;2001;0;38504.481;2.085;0;-89.28;26.701;-2.024;0;0;0;0;3.017
NO;2002;0;42975.498;1.438;0;-85.281;33.493;-3.523;0;0;0;0;1.288
NO;2003;0;49775.554;0.92;0;-98.806;42.669;-3.971;0;0;0;0;2.475
NO;2004;0;57444.592;3.959;0;-108.173;43.473;-4.007;0;0;0;0;0.465
NO;2005;0;66643.385;2.625;0;-123.722;42.008;-3.74;0;0;0;0;1.522
NO;2006;0;73930.326;2.395;0;-137.415;52.332;-3.103;0;0;0;0;2.332
NO;2007;0;84904.366;2.93;0;-143.711;49.201;-2.994;0;0;0;0;0.729
NO;2008;0;96499.702;0.384;0;-128.831;47.264;-3.146;0;0;0;0;3.766
NO;2009;0;79786.852;-1.623;0;-158.348;41.972;-5.424;0;0;0;0;2.167
NO;2010;0;87309.304;0.602;0;-167.624;42.366;-5.357;0;0;0;0;2.399
NO;2011;0;100171.698;0.969;0;-162.417;28.882;-4.517;0;0;0;0;1.301
NO;2012;0;101169.347;2.749;0;-171.421;30.022;-4.954;0;0;0;0;0.709
NO;2013;0;102573.674;0.999;0;-205.275;30.305;-5.149;0;0;0;0;2.132
NO;2014;0;97066.571;2.215;0;-244.03;27.941;-5.9;0;0;0;0;2.025
NO;2015;0;74822.106;1.565;0;-278.289;27.941;-6.695;0;0;0;0;2.174
NZ;2003;0;20294.647;4.57;0;18.256;21.98;2.083;0;0;0;0;1.748
NZ;2004;0;24682.236;4.4;0;12.724;20.03;2.606;0;0;0;0;2.317
NZ;2005;0;27202.879;2.559;0;7.352;18.501;3.149;0;0;0;0;3.038
NZ;2006;0;26065.092;2.749;0;2.696;16.369;2.45;0;0;0;0;3.362
NZ;2007;0;31765.247;3.944;0;-0.884;14.505;2.598;0;0;0;0;2.377
NZ;2008;0;31635.753;-0.388;0;-2.309;16.887;1.221;0;0;0;0;3.959
NZ;2009;0;28061.922;0.296;0;-0.776;21.651;-1.767;0;0;0;0;2.116
NZ;2010;0;33227.462;2.048;0;2.325;26.865;-5.958;0;0;0;0;2.302
NZ;2011;0;37976.459;1.838;0;6.051;31.537;-5.755;0;0;0;0;4.028
NZ;2012;0;39659.741;2.838;0;7.616;31.95;-2.342;0;0;0;0;1.06
NZ;2013;0;41541.248;1.69;0;7.699;30.804;-1.246;0;0;0;0;1.134
NZ;2014;0;43456.511;2.98;0;7.557;30.769;0.058;0;0;0;0;1.228
NZ;2015;0;37044.891;3.397;0;7.507;30.361;0.264;0;0;0;0;0.293
PK;2015;1;1449.978;4.239;0;57.783;64.4;0;0;0;0;1;4.526
PA;1998;0;3963.406;7.333;57.95;61.227;61.227;-0.209;1;1;1;1;0.628
PA;1999;0;4070.418;3.884;60.49;58.079;58.079;1.994;1;1;1;1;1.3
PA;2000;0;4046.456;2.733;56.3;56.434;56.434;3.075;1;1;1;1;1.446
PA;2001;1;4029.975;0.565;59.36;60.895;60.895;2.06;1;1;1;1;0.314
PA;2002;2;4106.466;2.244;56.24;60.009;60.009;1.314;1;1;1;1;0.998
PA;2003;2;4244.176;4.222;57.46;48.308;59.477;0.192;1;1;1;1;0.058
PA;2004;2;4565.096;7.509;54.33;52.607;61.904;-0.432;1;1;1;1;0.475
PA;2005;2;4886.41;7.183;52.49;54.175;62.482;1.912;1;1;1;1;2.86
PA;2006;2;5315.835;8.537;52.44;51.368;57.649;4.565;0;1;1;1;2.458
PA;2007;2;6029.794;12.111;44.38;44.546;49.961;5.753;1;1;1;1;4.169
PA;2008;1;6931.115;8.612;40.18;37.765;42.563;2.534;1;1;1;1;8.759
PA;2009;1;7387.086;1.598;45.6;36.121;41.287;2.176;1;1;1;1;2.409
PA;2010;0;7896.911;5.767;43.6;35.543;40.212;1.463;0;1;1;1;3.491
PA;2011;1;9230.782;11.808;39.44;33.351;37.278;0.225;0;0;1;1;5.876
PA;2012;0;10549.088;9.23;35.72;32.45;35.703;-0.005;0;0;1;1;5.698
PA;2013;0;11648.737;6.624;39.82;31.824;34.964;-0.696;0;0;1;1;4.027
PA;2014;0;12517.549;6.053;42.16;34.216;37.081;-1.563;0;0;0;1;2.626
PA;2015;0;13012.562;5.777;0;36.072;38.773;-0.927;0;0;0;1;0.134
PE;1999;0;1989.187;1.494;60.83;0;0;0;1;1;1;1;3.469
PE;2000;1;2023.431;2.696;58.12;37.244;44.39;-1.95;1;1;1;1;3.759
PE;2001;0;2016.355;0.617;54.87;36.647;43.353;-1.514;1;1;1;1;1.975
PE;2002;0;2094.815;5.454;53.61;37.779;45.048;-1.131;1;1;1;1;0.192
PE;2003;0;2236.925;4.166;52.23;38.34;48.951;-1.264;1;1;1;1;2.261
PE;2004;0;2488.821;4.959;49.78;34.653;46.329;-0.984;1;1;1;1;3.662
PE;2005;0;2754.344;6.285;41.21;31.651;39.962;-0.716;1;1;1;1;1.618
PE;2006;0;3179.679;7.528;36.14;23.974;34.77;0.195;1;1;1;1;2.001
PE;2007;0;3620.997;8.518;35.2;16.743;31.87;1.59;1;1;1;1;1.779
PE;2008;0;4243.587;9.143;31;13.009;27.963;0.968;1;1;1;1;5.788
PE;2009;0;4165.734;1.049;32.52;12.229;28.384;-0.211;1;1;1;1;2.935
PE;2010;0;5027.222;8.451;30.23;10.263;25.403;-0.42;1;1;1;1;1.53
PE;2011;0;5685.076;6.451;28.62;7.151;23.024;1.191;1;1;1;1;3.37
PE;2012;0;6325.37;5.951;30.09;4.542;21.185;1.375;0;1;1;1;3.655
PE;2013;0;6529.486;5.854;29.52;3.474;20.331;0.118;0;0;1;1;2.806
PE;2014;0;6456.785;2.385;34.35;3.569;20.682;-0.208;0;0;1;1;3.246
PE;2015;0;6021.104;3.257;0;5.6;23.064;-1.75;0;0;1;1;3.527
PH;1995;0;1200.429;4.679;51.51;0;62.718;-0.526;1;1;1;1;6.859
PH;1996;0;1276.661;5.846;51.09;0;54.727;-0.54;0;1;1;1;8.312
PH;1997;0;1240.769;5.185;58.27;0;58.682;-0.943;0;0;1;1;5.656
PH;1998;0;960.71;-0.577;64.9;0;51.058;-1.563;0;0;1;1;9.361
PH;1999;0;1080.947;3.082;61.92;0;53.583;-2.795;1;1;1;1;6.162
PH;2000;0;1055.123;4.411;61.55;0;58.774;-3.783;1;1;1;1;6.569
PH;2001;0;970.377;2.894;64.82;0;58.831;-3.824;1;1;1;1;5.403
PH;2002;0;1014.941;3.646;62.25;0;63.256;-3.982;1;1;1;1;2.723
PH;2003;0;1024.77;4.97;61.07;0;68.036;-3.82;1;1;1;1;2.269
PH;2004;0;1093.48;6.698;54.35;0;65.804;-3.241;1;1;1;1;4.791
PH;2005;1;1208.934;4.778;45.22;0;59.169;-1.992;0;1;1;1;6.595
PH;2006;1;1405.206;5.243;37.42;0;51.582;-0.123;1;1;1;1;5.467
PH;2007;1;1683.688;6.617;31.6;0;44.64;-0.661;1;1;1;1;2.942
PH;2008;1;1919.11;4.153;26.39;0;44.167;-0.453;1;1;1;1;8.184
PH;2009;1;1851.073;1.148;25.06;0;44.343;-1.776;1;1;1;1;4.213
PH;2010;0;2155.409;7.632;24.56;0;43.462;-2.492;0;1;1;1;3.784
PH;2011;1;2363.878;3.66;24.72;0;41.412;-0.047;0;0;1;1;4.718
PH;2012;0;2591.358;6.684;23.18;0;40.609;-0.318;0;0;1;1;3.171
PH;2013;0;2769.534;7.055;20.2;0;39.245;0.098;0;0;1;1;2.933
PG;1999;0;686.001;1.856;83.25;0;62.257;0;1;1;1;1;14.932
PG;2000;0;682.139;-2.455;69.78;0;63.115;0;0;1;1;1;15.596
PG;2001;1;583.684;-0.045;72.35;0;71.063;0;0;0;1;1;9.298
PG;2002;1;566.064;2.008;67.43;0;70.362;0;0;0;1;1;11.799
PG;2003;0;673.851;4.388;60.08;0;60.263;0;1;1;1;1;14.709
PG;2004;0;739.641;0.57;50.54;0;56.416;0;0;1;1;1;2.159
PG;2005;0;841.704;3.924;41.87;0;48.053;0;0;0;1;1;1.781
PG;2006;0;934.118;2.294;37.33;0;39.639;0;0;0;1;1;2.368
PG;2008;0;1291.129;6.614;18.1;0;31.742;0;0;0;0;1;10.767
PG;2009;0;1278.682;6.134;22.71;0;31.425;0;0;0;0;1;6.913
PL;1995;1;3605.161;6.728;0;-3.383;48.989;-5.826;1;1;1;1;27.875
PL;1996;1;4058.183;6.239;0;-1.287;43.39;-5.761;1;1;1;1;19.9
PL;1997;1;4067.962;7.086;0;0.068;42.926;-5.819;1;1;1;1;14.9
PL;1998;2;4450.329;4.982;0;1.434;38.889;-5.142;1;1;1;1;11.8
PL;1999;1;4339.597;4.524;0;6.346;39.567;-2.945;1;1;1;1;7.3
PL;2000;0;4476.245;4.26;0;6.715;36.583;-3.996;1;1;1;1;10.1
PL;2001;0;4978.051;1.205;0;13.69;37.352;-4.877;1;1;1;1;5.5
PL;2002;0;5195.281;1.443;0;13.076;41.779;-5.28;1;1;1;1;1.9
PL;2003;0;5691.335;3.562;0;16.603;46.588;-6.04;1;1;1;1;0.842
PL;2004;0;6643.229;5.136;0;14.025;45.266;-5.62;0;1;1;1;3.492
PL;2005;0;7974.838;3.547;0;14.724;46.661;-3.419;0;0;1;1;2.133
PL;2006;0;8995.763;6.193;0;13.874;47.113;-4.785;0;0;1;1;1.033
PL;2007;0;11256.303;7.202;0;9.085;44.183;-2.61;0;0;1;1;2.492
PL;2008;0;13905.666;3.92;0;8.889;46.612;-4.151;0;0;0;1;4.217
PL;2009;0;11454.015;2.634;0;13.745;49.809;-7.216;0;0;0;1;3.45
PL;2010;0;12599.721;3.699;0;19.237;53.327;-7.466;0;0;0;1;2.583
PL;2011;0;13884.503;5.009;0;23.762;54.367;-5.574;0;0;0;1;4.267
PL;2012;0;13154.739;1.562;0;24.91;53.954;-3.809;0;0;0;1;3.7
PL;2013;0;13772.953;1.265;0;28.644;55.943;-3.152;0;0;0;0;0.9
PL;2014;0;14331.634;3.334;0;22.532;50.437;-2.972;0;0;0;0;-0.025
PL;2015;0;12495.334;3.637;0;24.384;51.289;-2.819;0;0;0;0;-0.933
PT;1994;0;9970.959;1.489;0;0;56.678;0;0;0;0;0;4.971
PT;1995;0;11791.395;2.307;0;0;58.36;-3.574;0;0;0;0;3.969
PT;1996;0;12188.042;3.497;0;0;57.507;-4.236;0;0;0;0;2.936
PT;1997;0;11598.395;4.426;0;46.354;53.698;-3.141;0;0;0;0;1.89
PT;1998;0;12220.992;4.792;0;42.462;49.817;-3.639;0;0;0;0;2.215
PT;1999;0;12491.233;3.888;0;41.56;49.028;-3.051;0;0;0;0;2.17
PT;2000;0;11536.132;3.788;0;41.498;47.926;-4.129;0;0;0;0;2.805
PT;2001;0;11739.245;1.943;0;45.809;50.558;-4.914;0;0;0;0;4.41
PT;2002;0;12927.918;0.769;0;47.278;52.903;-4.818;0;0;0;0;3.701
PT;2003;0;15802.943;-0.934;0;50.117;54.676;-5.823;0;0;0;0;3.237
PT;2004;0;18070.016;1.812;0;52.043;56.306;-7.638;0;0;0;0;2.51
PT;2005;1;18817.159;0.767;0;56.155;60.805;-5.581;0;0;0;0;2.13
PT;2006;1;19838.811;1.553;0;56.658;61.619;-4.187;0;0;0;0;3.046
PT;2007;1;22811.56;2.492;0;61.427;68.439;-3.771;0;0;0;0;2.422
PT;2008;1;24933.157;0.199;0;67.194;71.666;-5.221;0;0;0;0;2.652
PT;2009;2;23122.569;-2.978;0;79.293;83.609;-8.62;0;0;0;0;-0.903
PT;2010;1;22580.678;1.899;0;91.625;96.183;-8.142;0;0;0;0;1.391
PY;2013;0;4269.897;14.036;49.15;12.264;17.024;-1.988;1;1;1;1;2.684
PY;2015;0;4009.567;3.014;0;18.869;23.829;-2.982;0;1;1;1;2.944
RW;2011;0;628.11;7.822;19.15;0;23.061;0;1;1;1;1;5.668
RW;2012;0;687.893;8.788;17.76;0;20.136;0;1;1;1;1;6.286
RW;2013;0;700.386;4.708;22.66;0;26.466;0;1;1;1;1;4.223
RW;2014;1;717.353;6.962;25.71;0;28.968;0;1;1;1;1;1.784
RW;2015;0;731.512;6.944;0;0;34.625;0;1;1;1;1;2.507
SA;2004;0;11467.097;7.958;0;52.747;62.928;0;0;0;0;0;0.324
SA;2005;0;14068.219;5.574;0;17.738;37.342;0;0;0;0;0;0.538
SA;2006;0;15603.985;2.788;0;1.819;25.831;0;0;0;0;0;1.927
SA;2008;0;20157.298;6.25;0;-42.188;12.056;0;0;0;0;0;6.1
SA;2009;0;16094.678;-2.059;0;-43.435;13.989;0;0;0;0;0;4.147
SA;2010;0;19112.694;4.762;0;-41.844;8.448;0;0;0;0;0;3.801
SA;2011;0;23593.825;9.959;0;-41.921;5.397;0;0;0;0;0;3.749
SA;2012;0;25139;5.384;0;-51.518;3.59;0;0;0;0;0;2.857
SA;2013;0;24815.93;2.67;0;-56.656;2.154;0;0;0;0;0;3.506
SA;2014;1;24498.618;3.639;0;-53.643;1.567;0;0;0;0;0;2.685
SA;2015;2;20812.586;3.353;0;-41.649;5.809;0;0;0;0;0;2.189
SV;2002;0;2380.483;2.341;41.25;0;37.458;0;0;1;1;1;1.869
SV;2003;0;2495.307;2.3;55.4;0;39.143;0;0;0;1;1;2.121
SV;2004;0;2611.289;1.851;58.07;0;39.406;0;0;0;1;1;4.452
SV;2005;0;2816.112;3.563;56.95;0;38.549;0;0;0;1;1;4.69
SV;2006;0;3041.098;3.912;56.85;0;39.099;0;0;0;0;1;4.035
SV;2007;0;3285.114;3.84;50.12;0;38.031;0;0;0;0;1;4.58
SV;2008;0;3484.715;1.274;50.99;0;39.253;0;0;0;0;1;7.258
SV;2009;0;3343.204;-3.133;53.85;0;48.214;0;1;1;1;1;0.537
SV;2010;0;3443.457;1.365;54.59;0;49.664;0;0;1;1;1;1.179
SV;2011;1;3696.326;2.217;53.19;0;49.964;0;0;0;1;1;5.129
SV;2012;1;3779.937;1.881;58.25;0;55.204;0;0;0;1;1;1.73
SV;2013;0;3849.728;1.847;60.16;0;55.253;0;0;0;1;1;0.758
SV;2014;1;3961.789;1.952;62.07;0;56.834;0;0;0;0;1;1.141
SV;2015;0;4040.317;2.4;0;0;58.915;0;0;0;0;1;-0.731
RS;2005;0;3504.295;5.54;62.32;49.241;54.109;0.686;1;1;1;1;16.253
RS;2006;0;4145.034;4.904;65.86;32.391;40.297;-1.46;1;1;1;1;10.732
RS;2007;0;5486.49;5.889;66.41;26.966;33.436;-2.03;1;1;1;1;6.002
RS;2008;0;6688.951;5.367;63.65;28.805;32.377;-4.138;1;1;1;1;12.411
RS;2009;0;5820.469;-3.116;80.67;30.783;35.952;-4.025;1;1;1;1;8.117
RS;2010;0;5353.561;0.584;85.39;38.905;43.679;-4.3;1;1;1;1;6.143
RS;2012;0;5656.261;-1.015;87.57;52.121;58.316;-5.882;1;1;1;1;7.33
RS;2013;0;6351.684;2.572;83.4;53.121;61.418;-5.647;1;1;1;1;7.694
SI;1999;0;11497.619;5.274;0;0;22.016;-0.663;0;0;1;1;6.106
SI;2000;0;10286.019;4.155;0;0;29.011;-1.097;0;0;1;1;8.878
SI;2001;0;10501.86;2.95;0;0;28.541;-0.736;0;0;1;1;8.367
SI;2002;0;11837.077;3.836;0;0;28.396;-1.024;0;0;0;1;7.475
SI;2003;0;14905.978;2.842;0;0;27.044;-0.586;0;0;0;1;5.587
SI;2004;0;17282.618;4.352;0;0;26.833;-1.221;0;0;0;1;3.575
SI;2005;0;18222.58;4.003;0;0;26.302;-1.479;0;0;0;1;2.502
SI;2006;0;19777.132;5.656;0;0;26;-2.193;0;0;0;1;2.441
SI;2007;0;23959.213;6.942;0;0;22.704;-2.64;0;0;0;0;3.603
SI;2008;0;27784.009;3.3;0;0;21.554;-3.073;0;0;0;0;5.653
SI;2009;0;24785.048;-7.797;0;0;34.423;-4.282;0;0;0;0;0.862
SI;2010;0;23499.587;1.238;0;0;37.892;-4.602;0;0;0;0;1.834
SI;2011;0;25040.519;0.649;0;0;46.119;-4.07;0;0;0;0;1.819
SE;2001;0;26933.816;1.563;0;1.582;51.871;1.499;0;0;0;0;2.673
SE;2002;0;29520.926;2.074;0;7.433;49.943;-0.876;0;0;0;0;1.928
SE;2003;0;36889.585;2.386;0;4.728;49.135;-0.17;0;0;0;0;2.34
SE;2004;0;42362.216;4.321;0;3.224;47.682;0.129;0;0;0;0;1.019
SE;2005;0;42998.836;2.818;0;-1.203;47.97;1.829;0;0;0;0;0.822
SE;2006;0;46088.536;4.688;0;-12.025;42.98;2.192;0;0;0;0;1.498
SE;2007;0;53122.332;3.405;0;-16.244;38.109;2.681;0;0;0;0;1.677
SE;2008;0;55525.761;-0.557;0;-8.46;36.684;1.201;0;0;0;0;3.347
SE;2009;0;45998.35;-5.185;0;-15.221;40.195;0.751;0;0;0;0;1.939
SE;2010;0;51869.158;5.989;0;-17.109;37.588;1.411;0;0;0;0;1.908
SE;2011;0;59381.87;2.664;0;-13.975;36.941;0.711;0;0;0;0;1.365
SE;2012;0;56915.732;-0.286;0;-17.881;37.206;-0.281;0;0;0;0;0.936
SE;2013;0;60005.201;1.241;0;-18.574;39.806;-0.745;0;0;0;0;0.443
SE;2014;0;58590.324;2.267;0;-19.252;44.882;-1.085;0;0;0;0;0.207
SE;2015;0;49866.266;4.094;0;-17.268;44.138;-0.703;0;0;0;0;0.701
TH;1999;0;2048.054;4.572;78.91;0;56.585;-7.386;1;1;1;1;0.286
TH;2000;0;2028.077;4.456;64.43;0;57.826;-1.043;0;1;1;1;1.599
TH;2001;0;1912.28;3.444;57.55;0;57.522;-0.649;0;0;1;1;1.616
TH;2002;0;2115.383;6.149;48.56;0;55.052;-5.215;0;0;1;1;0.7
TH;2003;0;2377.545;7.189;40.02;0;47.501;1.897;0;0;1;1;1.804
TH;2005;0;2905.795;4.188;32.79;0;43.966;1.225;0;0;0;1;4.542
TH;2006;0;3378.831;4.968;29.25;0;39.177;1.925;0;0;0;1;4.645
TH;2007;0;3978.301;5.435;24.69;0;35.985;-0.189;0;0;0;1;2.234
TH;2008;0;4379.527;1.726;23.61;0;34.947;0.443;0;0;0;1;5.455
TH;2013;0;6147.987;2.702;35.77;0;42.247;0.216;1;1;1;1;2.185
TH;2014;0;5889.022;0.818;36.64;0;43.568;-0.404;0;1;1;1;1.895
TH;2015;0;5742.282;2.82;0;0;43.108;0.678;0;0;1;1;-0.9
TN;1997;0;2251.425;5.725;56.6;69.893;69.893;-2.342;1;1;1;1;3.599
TN;1998;0;2336.042;4.963;51.8;61.042;61.042;-1.36;0;1;1;1;3.102
TN;1999;0;2426.346;6.017;54.05;64.955;64.955;-1.76;0;0;1;1;2.768
TN;2001;0;2286.487;4.85;61.06;67.593;67.593;-3.521;0;0;1;1;1.878
TN;2002;0;2373.779;1.7;69.81;67.368;67.368;-2.624;0;0;0;1;1.9
TN;2003;0;2790.098;5.47;69.63;66.368;66.368;-2.795;0;0;0;1;2.063
TN;2004;0;3139.619;5.959;66.97;53.718;53.718;-2.518;0;0;0;1;2.538
TN;2005;0;3217.886;4;59.99;52.482;52.482;-2.751;0;0;0;1;2.438
TN;2006;0;3394.251;5.654;57.34;48.791;48.791;-2.914;0;0;0;1;3.225
TN;2007;0;3805.33;6.253;55.56;45.941;45.941;-3.352;0;0;0;0;2.967
TN;2008;0;4341.208;4.46;49.39;43.292;43.292;-1.889;0;0;0;0;4.345
TN;2009;0;4178.686;3.114;53.52;42.774;42.774;-2.555;0;0;0;0;3.665
TN;2010;0;4176.927;2.587;52.34;40.664;40.664;-1.293;0;0;0;0;3.339
TN;2011;0;4291.802;-1.918;51.51;44.625;44.625;-3.282;0;0;0;0;3.548
TN;2012;1;4179.909;3.901;58.75;44.657;44.657;-5.747;0;0;0;0;5.139
TR;1995;1;3965.18;7.19;44.37;43.74;0;0;0;0;0;0;89.566
TR;1996;1;4175.16;7.007;44.71;47.047;0;0;0;0;0;0;80.236
TR;1997;1;4287.911;7.528;45.35;44.274;0;0;0;0;0;0;85.653
TR;1998;1;4314.939;3.092;36.46;44.771;0;0;0;0;0;0;84.721
TR;1999;1;3950.733;-3.365;41.34;62.51;0;0;0;0;0;0;64.87
TR;2000;1;4149.288;6.774;44.48;57.537;51.31;-9.369;0;0;0;0;55.035
TR;2001;1;3008.582;-5.697;59.13;75.975;77.936;-9.786;0;0;0;0;54.246
TR;2002;1;3521.815;6.164;56.81;70.575;74;-12.729;0;0;0;0;45.134
TR;2005;0;7053.954;8.402;35.75;45.972;52.71;-1.581;0;0;0;0;8.179
TR;2006;0;7638.034;6.893;39.65;38.978;46.524;-3.563;0;0;0;0;9.597
TR;2007;0;9213.851;4.669;39.01;32.71;39.907;-3.911;0;0;0;0;8.756
TR;2008;0;10282.998;0.659;38.87;32.54;39.984;-4.028;0;0;0;0;10.444
TR;2009;2;8528.558;-4.826;44.3;37.532;46.073;-3.315;0;0;0;0;6.251
TR;2010;1;10001.63;9.157;40.27;34.743;42.335;-3.007;0;0;0;0;8.566
TR;2011;1;10437.717;8.773;39.6;31.315;39.142;-2.702;0;0;0;0;6.472
TR;2012;2;10490.121;2.127;43.43;27.776;36.158;-3.553;1;1;1;1;8.892
TR;2013;1;10821.44;4.193;47.89;27.345;36.138;-2.822;0;1;1;1;7.493
TR;2014;1;10381.025;2.914;50.9;24.64;33.535;-1.515;0;0;1;1;8.855
TR;2015;1;9437.372;3.84;0;23.507;32.609;-1.254;0;0;1;1;7.671
UG;2014;0;710.575;4.929;19.48;0;31.208;0;1;1;1;1;4.613
UG;2015;1;620.213;5.038;0;0;35.359;0;1;1;1;1;5.79
UA;2002;0;919.141;5.34;56.05;30.662;32.344;0;1;1;1;1;0.757
UA;2003;1;1096.291;9.517;51.96;26.104;28.299;-1.233;1;1;1;1;5.21
UA;2004;0;1427.279;11.795;47.82;22.528;23.885;-6.465;1;1;1;1;9.036
UA;2005;0;1909.798;3.071;39.58;13.399;17.088;-1.964;0;1;1;1;13.52
UA;2006;0;2407.9;7.571;51.41;11.306;14.256;-1.878;0;0;1;1;9.076
UA;2007;0;3219.884;8.216;56.87;9.71;11.815;-3.65;0;0;1;1;12.843
UA;2008;1;4095.441;2.243;56.97;17.548;19.662;-3.491;0;0;1;1;25.201
UA;2009;1;2654.986;-15.136;90.09;30.799;34.121;-2.143;0;0;0;1;15.9
UA;2012;0;3872.534;0.239;77.9;35.333;37.542;-4.489;0;0;0;1;0.565
UA;2013;0;4185.481;-0.027;79.71;38.437;40.652;-4.828;0;0;0;1;-0.261
UA;2014;1;3095.079;-6.553;96.98;68.782;70.307;-2.991;0;0;0;0;12.1
UY;1995;0;6661.868;-1.448;0;0;0;0;0;0;1;1;42.248
UY;1996;0;7038.552;5.578;0;0;0;0;0;0;1;1;28.342
UY;1997;0;7362.667;5.048;0;0;0;0;0;0;0;1;19.819
UY;1998;0;7756.843;4.28;0;0;0;0;0;0;0;1;10.809
UY;1999;0;7295.82;-2.965;0;0;0;0;0;0;0;1;5.661
UY;2000;0;6917.135;-1.776;0;0;0;-3.978;0;0;0;1;4.761
UY;2001;0;6319.548;-3.461;0;34.985;54.89;-2.71;0;0;0;1;4.366
UY;2002;1;4120.388;-7.051;0;75.699;109.579;-0.818;0;0;0;0;13.967
UY;2003;0;3652.77;2.327;0;71.057;111.546;0.898;0;0;0;0;19.379
UY;2004;0;4151.894;4.64;0;61.201;93.547;1.003;1;1;1;1;9.159
UY;2005;1;5263.099;6.806;0;50.723;83.919;1.342;0;1;1;1;4.7
UY;2006;0;5919.564;4.099;0;47.443;75.697;2.24;0;0;1;1;6.398
UY;2007;0;7058.127;6.542;0;37.808;67.985;1.316;0;0;1;1;8.115
UY;2013;0;16956.898;5.1;0;24.181;60.185;-3.922;0;0;0;1;8.575
UY;2014;0;16882.456;3.498;0;22.867;61.165;-4.731;0;0;0;0;8.877
US;1994;0;27755.764;4.038;0;0;0;0;0;0;0;0;2.596
US;1995;0;28762.676;2.719;0;0;0;0;0;0;0;0;2.805
US;1996;0;30047.314;3.796;0;0;0;0;0;0;0;0;2.937
US;1997;0;31553.622;4.487;0;0;0;0;0;0;0;0;2.338
US;1998;0;32929.038;4.45;0;0;0;0;0;0;0;0;1.547
US;1999;0;34601.722;4.685;0;0;0;0;0;0;0;0;2.193
US;2000;0;36432.514;4.092;0;0;0;0;0;0;0;0;3.367
US;2001;0;37241.347;0.976;0;33.776;53.022;-1.381;0;0;0;0;2.817
US;2002;0;38113.892;1.786;0;36.356;55.379;-3.551;0;0;0;0;1.596
US;2003;0;39591.865;2.807;0;39.733;58.516;-4.641;0;0;0;0;2.298
US;2004;0;41838.455;3.785;0;46.879;65.491;-4.664;0;0;0;0;2.668
US;2005;0;44218.306;3.345;0;46.278;64.891;-3.851;0;0;0;0;3.366
US;2006;0;46351.667;2.666;0;44.739;63.64;-3.177;0;0;0;0;3.222
US;2007;0;47954.532;1.779;0;44.459;64.013;-4.005;0;0;0;0;2.871
US;2008;0;48302.283;-0.292;0;50.463;72.844;-5.876;0;0;0;0;3.815
US;2009;0;46909.422;-2.776;0;62.017;86.032;-7.592;0;0;0;0;-0.32
US;2010;0;48309.529;2.532;0;69.495;94.73;-9.449;0;0;0;0;1.637
US;2011;1;49725.504;1.602;0;75.928;98.993;-8.072;0;0;0;0;3.14
US;2012;1;51385.486;2.224;0;79.383;102.496;-6.145;0;0;0;0;2.078
US;2013;1;52615.337;1.489;0;80.947;104.798;-3.959;0;0;0;0;1.467
US;2014;1;54360.499;2.428;0;80.625;104.972;-3.479;0;0;0;0;1.61
US;2015;1;55805.204;2.426;0;80.647;105.827;-3.048;0;0;0;0;0.118
VN;2002;0;440.209;7.08;35.7;0;35.186;0;1;1;1;1;4.08
VN;2003;0;489.034;7.341;37.92;0;37.882;0;1;1;1;1;3.3
VN;2004;0;603.668;7.789;37.04;0;37.446;0;1;1;1;1;7.89
VN;2005;0;699.682;7.547;33.65;0;36.542;0;1;1;1;1;8.39
VN;2014;0;2048.95;5.984;40.59;0;55.548;0;1;1;1;1;4.085
VN;2015;0;2088.344;6.679;0;0;59.294;0;1;1;1;1;0.631
ZA;1994;0;3446.835;3.234;15.78;0;0;0;1;1;1;1;8.876
ZA;2000;0;3042.429;4.155;19.1;41.5;42.21;-1.402;0;0;0;1;5.366
ZA;2001;0;2671.989;2.735;20.89;42.022;42.402;-0.806;0;0;0;1;5.63
ZA;2002;0;2541.345;3.668;29.92;35.093;35.547;-0.795;0;0;0;1;9.165
ZA;2003;0;3799.376;2.949;21.76;34.755;35.428;-1.292;0;0;0;1;5.874
ZA;2004;0;4899.222;4.555;20.07;33.591;34.393;-0.907;0;0;0;0;1.418
ZA;2005;0;5441.861;5.277;17.69;28.687;33.212;-0.258;0;0;0;0;3.339
ZA;2006;0;5663.703;5.604;22.65;25.895;31.355;1.49;0;0;0;0;4.663
ZA;2007;0;6145.73;5.36;25.06;22.85;27.061;0.983;0;0;0;0;7.116
ZA;2008;0;5818.242;3.191;25.18;21.74;26.506;-0.719;0;0;0;0;11.536
ZA;2009;0;5937.767;-1.538;28.65;25.37;30.078;-3.046;0;0;0;0;7.13
ZA;2010;0;7389.04;3.04;30.29;28.514;34.675;-3.533;0;0;0;0;4.257
ZA;2011;0;8089.874;3.212;29.11;31.32;38.211;-3.578;0;0;0;0;5
ZA;2012;1;7592.197;2.22;36.82;34.747;40.891;-3.94;0;0;0;0;5.654
ZA;2013;0;6889.698;2.212;38.46;37.632;44.17;-3.9;0;0;0;0;5.752
ZA;2014;1;6483.789;1.549;42.61;40.374;47.087;-3.546;0;0;0;0;6.067
ZA;2015;0;5694.572;1.283;0;44.744;50.06;-3.71;0;0;0;0;4.588
ZM;2012;0;1724.712;7.573;23.58;19.547;24.911;0;1;1;1;1;6.575
ZM;2015;0;1350.151;3.636;0;48.401;52.949;0;1;1;1;1;10.107
