Country2Code;Year;SP_NumericRating;Fitch_NumericRating;AvgRatingSF;Diff_DW_SF;OLD_Diff_DW_SF_OLD;BudgetBal_NGDP;BudgetBal_NGDP_Var;GGSB_NPGDP;GGSB_NPGDP_Var;GGXWDG_NGDP;GGXWDG_NGDP_Var;GGXWDN_NGDP;GGXWDN_NGDP_Var;NGDP_RPCH;NGDPDPC;NGDPDPC_Var;PCPIPCH;ExtDebtCombinedPercGNI;ExtDebtPercGNI_Var;DefaultLastYear;DefaultLast2Years;DefaultLast5Years;DefaultLast10Years
MA;2010;12;12;12;0;0;-4.26;-141.27;-4.32;-129.041;49;6.226;48.49;6.691;3.82;2926.67;-0.717;0.99;29.64;10.112;0;1;1;1
MA;2011;12;12;12;0;0;-6.58;-54.488;-6.79;-57.173;52.55;7.243;52.14;7.514;5.25;3149.43;7.612;0.91;30.01;1.228;0;0;1;1
MA;2012;12;12;12;0;0;-7.25;-10.297;-7.39;-8.774;58.3;10.948;57.78;10.814;3.01;3021.52;-4.062;1.29;35.12;17.05;1;1;1;1
MA;2013;12;12;12;0;0;-5.16;28.861;-5.22;29.368;61.49;5.473;60.98;5.551;4.73;3264.09;8.028;1.88;37.1;5.632;0;1;1;1
MA;2014;12;12;12;0;0;-4.94;4.187;-6.21;-18.931;63.37;3.062;62.87;3.101;2.42;3315.61;1.578;0.44;39.78;7.224;0;0;1;1
MA;2015;12;12;12;0;0;-4.3;13.069;-4.94;20.364;63.67;0.462;63.17;0.464;4.47;3078.59;-7.148;1.6;44.62;12.172;0;0;1;1
AE;2007;19;19;19;0;0;21.8;0;;0;7.85;0;-215.13;0;3.18;41472.29;0;11.13;0;0;0;0;0;0
AE;2008;19;19;19;0;0;20.08;-7.89;;0;12.53;59.57;-203.04;5.619;3.19;39074.84;-5.781;12.25;0;0;0;0;0;0
AE;2009;19;19;19;0;0;-4.28;-121.3;;0;24.08;92.195;-247.1;-21.7;-5.24;30920.45;-20.869;1.56;0;0;0;0;0;0
AE;2010;19;19;19;0;0;2.01;146.996;;0;22.24;-7.673;-227.97;7.742;1.64;34611.96;11.939;0.88;0;0;0;0;0;0
AE;2011;19;19;19;0;0;6.34;215.423;;0;17.61;-20.822;-201.55;11.588;4.89;40817.4;17.929;0.88;0;0;0;0;0;0
AE;2012;19;19;19;0;0;10.88;71.53;;0;17.04;-3.243;-208.99;-3.69;7.22;42591.17;4.346;0.67;0;0;0;0;0;0
AE;2013;19;19;19;0;0;10.43;-4.074;;0;15.87;-6.815;-216.11;-3.407;4.32;42874.6;0.665;1.1;0;0;0;0;0;0
AE;2014;19;19;19;0;0;4.98;-52.234;;0;15.68;-1.21;-223.26;-3.305;4.57;42943.78;0.161;2.35;0;0;0;0;0;0
AE;2015;19;19;19;0;0;-4.88;-197.913;;0;19.42;23.83;-258.81;-15.926;3.93;36060.02;-16.03;4.07;0;0;0;0;0;0
AU;1996;19;19;19;0;0;-0.89;56.348;-0.81;59.137;29.31;-5.837;21.3;-7.665;4.28;23181.66;10.755;2.65;0;0;0;0;0;0
AU;1997;19;19;19;0;0;0.06;107.103;0.12;115.111;25.93;-11.561;18.19;-14.588;4.31;22962.71;-0.944;0.23;0;0;0;0;0;0
AU;1998;19;19;19;0;0;0.34;442.857;0.19;50.407;23.76;-8.366;14.66;-19.394;4.65;20307.16;-11.565;0.86;0;0;0;0;0;0
AU;2011;21;21;21;0;0;-4.47;12.444;-4.21;13.956;24.2;18.164;8.06;105.297;2.68;66721.6;18.733;3.33;96.83;-9.429;0;0;0;0
AU;2012;21;21;21;0;0;-3.47;22.247;-3.19;24.294;27.8;14.864;11.21;39.01;3.55;68002.65;1.92;1.71;93.85;-3.078;0;0;0;0
AU;2013;21;21;21;0;0;-2.8;19.372;-2.42;24.122;30.82;10.886;13.2;17.801;2.04;64464.06;-5.204;2.48;90.13;-3.961;0;0;0;0
AU;2014;21;21;21;0;0;-2.89;-3.142;-2.38;1.778;34.14;10.761;15.72;19.088;2.62;61062.61;-5.277;2.46;99.29;10.162;0;0;0;0
AU;2015;21;21;21;0;0;-2.77;4.05;-2.16;9.217;36.83;7.871;17.9;13.866;2.48;50961.87;-16.542;1.53;107.33;8.102;0;0;0;0
AT;1994;21;21;21;0;0;-5.03;-10.263;-4.6;-25.061;63.86;5.098;0;0;2.4;25668.06;6.512;2.71;0;0;0;0;0;0
AT;1995;21;21;21;0;0;-6.15;-22.275;-6.65;-44.778;68.02;6.505;0;0;2.67;30307.42;18.074;1.6;0;0;0;0;0;0
AT;1996;21;21;21;0;0;-4.36;29.115;-4.66;30.042;67.96;-0.085;0;0;2.4;29778.14;-1.746;1.79;0;0;0;0;0;0
AT;1997;21;21;21;0;0;-2.39;45.204;-2.49;46.617;63.19;-7.012;0;0;2.21;26693.03;-10.36;1.16;0;0;0;0;0;0
AT;1998;21;21;21;0;0;-2.72;-14.112;-2.88;-15.855;63.61;0.652;0;0;3.56;27348.04;2.454;0.82;0;0;0;0;0;0
AT;1999;21;21;21;0;0;-2.6;4.697;-2.77;3.96;66.43;4.434;0;0;3.59;27185.69;-0.594;0.52;0;0;0;0;0;0
AT;2000;21;21;21;0;0;-2.05;21.101;-3.48;-25.714;65.86;-0.846;0;0;3.37;24617.96;-9.445;1.96;0;0;0;0;0;0
AT;2001;21;21;21;0;0;-0.62;69.937;-1.2;65.449;66.48;0.941;0;0;1.35;24576.15;-0.17;2.3;0;0;0;0;0;0
AT;2002;21;21;21;0;0;-1.35;-118.344;-1.06;11.657;66.29;-0.29;0;0;1.66;26504.85;7.848;1.7;0;0;0;0;0;0
AT;2003;21;21;21;0;0;-1.77;-31.301;-0.65;38.926;65.49;-1.205;0;0;0.76;32248.22;21.669;1.3;157.2;0;0;0;0;0
AT;2004;21;21;21;0;0;-4.78;-170.442;-1.43;-120.062;64.8;-1.054;0;0;2.71;36875.71;14.35;1.95;164.74;4.798;0;0;0;0
AT;2005;21;21;21;0;0;-2.51;47.446;-1.91;-34.081;68.32;5.421;0;0;2.14;38430.94;4.217;2.11;162.93;-1.1;0;0;0;0
AT;2006;21;21;21;0;0;-2.5;0.478;-2.98;-55.91;67.04;-1.86;0;0;3.35;40536.77;5.48;1.69;192.8;18.333;0;0;0;0
AT;2007;21;21;21;0;0;-1.32;47.278;-3.51;-17.679;64.81;-3.335;0;0;3.62;46721.57;15.257;2.2;207.85;7.806;0;0;0;0
AT;2008;21;21;21;0;0;-1.45;-9.947;-3.21;8.438;68.52;5.725;0;0;1.55;51713.8;10.685;3.22;193.4;-6.953;0;0;0;0
AT;2009;21;21;21;0;0;-5.32;-267.196;-2.69;16.407;79.73;16.358;0;0;-3.8;47822.73;-7.524;0.4;209.9;8.529;0;0;0;0
AT;2010;21;21;21;0;0;-4.45;16.344;-3.12;-16.313;82.29;3.214;0;0;1.93;46810.13;-2.117;1.69;209.58;-0.152;0;0;0;0
AT;2011;21;21;21;0;0;-2.56;42.513;-2.48;20.621;82.07;-0.265;0;0;2.81;51274.07;9.536;3.55;183.24;-12.569;0;0;0;0
AT;2012;20;21;20.5;1;1;-2.17;15.135;-1.67;32.715;81.64;-0.522;49.53;0;0.76;48476.89;-5.455;2.58;199.77;9.025;0;0;0;0
AT;2013;20;21;20.5;1;1;-1.27;41.705;-0.98;41.247;80.81;-1.017;49.18;-0.709;0.32;50738.02;4.664;2.12;191.55;-4.117;0;0;0;0
AT;2014;20;21;20.5;1;1;-2.69;-112.727;-0.27;72.245;84.24;4.236;47.67;-3.078;0.35;51433;1.37;1.47;170.68;-10.893;0;0;0;0
AT;2015;20;20;20;0;0;-1.6;40.505;-0.24;12.132;86.18;2.303;47.83;0.336;0.88;43724.03;-14.988;0.8;173.57;1.69;0;0;0;0
AZ;2011;12;12;12;0;0;11.55;-19.408;;0;10.11;-9.338;;0;0.09;7106.04;21.528;7.87;13.23;-6.921;0;0;0;0
AZ;2012;12;12;12;0;0;4.81;-58.388;;0;11.6;14.762;;0;2.16;7471.77;5.147;1.02;15.12;14.236;0;0;0;0
AZ;2013;12;12;12;0;0;1.51;-68.587;;0;13.75;18.579;;0;5.8;7934.4;6.192;2.43;14.83;-1.938;0;0;0;0
AZ;2014;12;12;12;0;0;2.8;85.629;;0;16.04;16.592;;0;2.8;8055.21;1.523;1.35;16.1;8.614;0;0;0;0
AZ;2015;12;12;12;0;0;-3.41;-221.655;;0;36.11;125.181;;0;1.1;5739.43;-28.749;4.04;0;-100;0;0;0;0
BE;1994;20;20;20;0;0;-5.22;31.577;-4.59;28.934;136.31;-1.326;0;0;3.23;23754.02;8.744;2.4;0;0;0;0;0;0
BE;1995;20;20;20;0;0;-4.45;14.847;-3.88;15.41;130.55;-4.229;0;0;2.39;28616.75;20.471;1.27;0;0;0;0;0;0
BE;1996;20;20;20;0;0;-3.93;11.564;-3.05;21.464;127.97;-1.97;0;0;1.59;27749.79;-3.03;1.77;0;0;0;0;0;0
BE;1997;20;20;20;0;0;-2.13;45.943;-1.89;37.861;123.21;-3.725;0;0;3.71;25089.91;-9.585;1.5;0;0;0;0;0;0
BE;2006;20;20;20;0;0;0.29;111.431;-0.68;-47.826;90.94;-3.88;60.9;-5.187;2.5;39021.77;5.048;2.33;278.41;10.721;0;0;0;0
BE;2007;20;20;20;0;0;0.06;-79.592;-0.79;-16.765;86.93;-4.41;54.25;-10.924;3.4;44638.27;14.393;1.82;321.29;15.405;0;0;0;0
BE;2008;20;20;20;0;0;-1.1;-1931.667;-1.79;-125.315;92.43;6.331;55.05;1.478;0.75;48850.71;9.437;4.49;304.11;-5.349;0;0;0;0
BE;2009;20;20;20;0;0;-5.39;-390.082;-4.06;-126.663;99.46;7.61;61.01;10.828;-2.29;45176.03;-7.522;-0.01;307.3;1.048;0;0;0;0
BE;2010;20;20;20;0;0;-3.97;26.29;-3.94;2.762;99.62;0.155;59.51;-2.459;2.7;44691.32;-1.073;2.33;273.83;-10.891;0;0;0;0
BE;2011;19;20;19.5;1;1;-4.1;-3.35;-4.22;-7.05;102.25;2.64;60.73;2.052;1.8;47950.99;7.294;3.35;267.85;-2.182;0;0;0;0
BE;2012;19;19;19;0;0;-4.15;-1.121;-3.65;13.622;104.06;1.774;62.4;2.751;0.15;44890.68;-6.382;2.63;276.4;3.191;0;0;0;0
BE;2013;19;19;19;0;0;-2.91;29.887;-2.89;20.817;105.06;0.958;63.48;1.719;0.02;46728.38;4.094;1.25;250.54;-9.357;0;0;0;0
BE;2014;19;19;19;0;0;-3.11;-6.91;-2.9;-0.485;106.66;1.521;63.19;-0.446;1.35;47517.97;1.69;0.49;233.78;-6.688;0;0;0;0
BE;2015;19;19;19;0;0;-2.76;11.125;-2.33;19.752;106.31;-0.321;63.82;0.989;1.37;40106.63;-15.597;0.62;247.13;5.713;0;0;0;0
BG;2004;12;12;12;0;0;1.6;79750;2.01;87.001;37.86;-16.946;-12.73;-43.08;6.56;3362.25;24.454;6.15;62.96;-5.439;0;1;1;1
BG;2005;13;13;13;0;0;2.19;37.132;1.49;-25.819;28.52;-24.668;-7.4;41.879;7.24;3863.42;14.906;6.04;61.89;-1.696;1;1;1;1
BH;2003;15;15;15;0;0;-1.78;47.978;;0;32.45;14.356;20.12;24.537;6.3;14482.93;7.292;1.68;0;0;0;0;0;0
BH;2004;15;15;15;0;0;0.25;113.915;;0;29.4;-9.414;29.4;46.121;6.98;15960.53;10.202;2.25;0;0;0;0;0;0
BH;2005;15;15;15;0;0;2.91;1078.543;;0;24.2;-17.698;24.2;-17.698;6.77;17962.34;12.542;2.62;0;0;0;0;0;0
BH;2007;16;16;16;0;0;1.59;-32.164;;0;16.35;-19.291;16.35;-19.291;8.29;20903.82;8.516;3.25;0;0;0;0;0;0
BH;2008;16;16;16;0;0;4.26;168.348;;0;12.56;-23.143;12.56;-23.143;6.24;23231.04;11.133;3.53;0;0;0;0;0;0
BH;2009;16;16;16;0;0;-5.59;-231.25;;0;21.36;70.055;21.36;70.055;2.54;19461.09;-16.228;2.79;0;0;0;0;0;0
BH;2010;16;16;16;0;0;-5.83;-4.422;;0;29.71;39.061;29.71;39.061;4.34;20823.22;6.999;1.97;0;0;0;0;0;0
BH;2011;13;13;13;0;0;-1.47;74.833;;0;32.5;9.405;32.5;9.405;2.1;24299.03;16.692;-0.37;0;0;0;0;0;0
BH;2012;13;13;13;0;0;-3.16;-114.918;;0;36.21;11.396;36.21;11.396;3.59;25227.12;3.819;2.77;0;0;0;0;0;0
BH;2013;13;13;13;0;0;-5.35;-69.54;;0;43.47;20.051;43.47;20.051;5.41;26456.19;4.872;3.3;0;0;0;0;0;0
BH;2014;13;13;13;0;0;-5.76;-7.665;;0;43.79;0.752;43.79;0.752;4.49;26686.27;0.87;2.65;0;0;0;0;0;0
BH;2015;12;12;12;0;0;-15.11;-162.302;;0;63.31;44.554;63.31;44.554;3.15;23509.98;-11.902;1.84;0;0;0;0;0;0
BR;2008;12;12;12;0;0;-1.53;43.99;-2.61;20.968;61.87;-2.941;37.1;-15.962;5.09;8854.16;20.071;5.68;16.29;-8.556;1;1;1;1
BR;2009;12;12;12;0;0;-3.19;-107.958;-3.39;-29.862;64.94;4.972;40.36;8.804;-0.13;8624.42;-2.595;4.89;17.74;8.884;1;1;1;1
BR;2010;12;12;12;0;0;-2.72;14.711;-4.53;-33.579;63.05;-2.924;37.98;-5.906;7.53;11297.84;30.998;5.04;16.22;-8.559;1;1;1;1
BR;2011;13;13;13;0;0;-2.47;9.195;-4.07;10.196;61.24;-2.86;34.49;-9.181;3.91;13234.24;17.14;6.64;15.72;-3.089;1;1;1;1
BR;2012;13;13;13;0;0;-2.53;-2.268;-3.89;4.35;62.31;1.744;32.25;-6.488;1.92;12344.41;-6.724;5.4;18.51;17.746;1;1;1;1
BR;2013;13;13;13;0;0;-2.96;-17.347;-4.88;-25.257;60.36;-3.123;30.59;-5.156;3.02;12260.12;-0.683;6.2;20.54;10.97;1;1;1;1
BR;2014;12;13;12.5;1;1;-6.05;-104.084;-7.56;-55.015;63.31;4.887;33.11;8.238;0.1;11920.75;-2.768;6.33;23.51;14.497;1;1;1;1
CA;1995;20;21;20.5;1;1;-5.51;20.842;-4.36;21.651;100.4;2.678;67.78;2.158;2.68;20641.54;3.397;2.19;0;0;0;0;0;0
CA;1996;20;21;20.5;1;1;-3.06;44.38;-1.38;68.419;100.57;0.168;67.47;-0.451;1.61;21257.09;2.982;1.58;0;0;0;0;0;0
CA;1997;20;21;20.5;1;1;0.04;101.273;0.99;172.166;95.59;-4.954;63.48;-5.921;4.28;21857.61;2.825;1.61;0;0;0;0;0;0
CA;1998;20;21;20.5;1;1;0.14;266.667;0.69;-30.312;93.61;-2.068;59.35;-6.5;3.88;20975.14;-4.037;0.99;0;0;0;0;0;0
CA;1999;20;21;20.5;1;1;1.66;1061.538;1.21;74.422;89.27;-4.637;52.56;-11.449;5.16;22261.15;6.131;1.74;0;0;0;0;0;0
CA;2000;20;21;20.5;1;1;2.65;59.482;1.19;-1.491;80.71;-9.596;43.89;-16.489;5.18;24221.27;8.805;2.74;0;0;0;0;0;0
CA;2001;20;20;20;0;0;0.53;-79.955;-0.18;-114.886;81.75;1.294;41.45;-5.566;1.77;23777.49;-1.832;2.51;0;0;0;0;0;0
CA;2004;21;21;21;0;0;0.77;706.299;0.22;151.551;72.14;-5.311;32.39;-12.295;3.09;32075.36;13.573;1.84;66.33;-9.242;0;0;0;0
CA;2005;21;21;21;0;0;1.56;102.338;0.64;193.981;70.87;-1.756;28.38;-12.36;3.2;36315.73;13.22;2.23;61.61;-7.122;0;0;0;0
CA;2006;21;21;21;0;0;1.83;17.651;0.72;13.228;70.13;-1.047;25.52;-10.08;2.62;40441.77;11.362;2.02;59.43;-3.53;0;0;0;0
CA;2007;21;21;21;0;0;1.83;-0.436;0.74;2.921;66.84;-4.68;22.07;-13.525;2.06;44599.15;10.28;2.13;63.65;7.094;0;0;0;0
CA;2008;21;21;21;0;0;0.19;-89.863;-0.38;-151.216;67.83;1.481;18.45;-16.411;1;46660.87;4.623;2.39;60.28;-5.296;0;0;0;0
CA;2009;21;21;21;0;0;-3.89;-2203.243;-1.81;-377.309;79.28;16.878;24.35;32.007;-2.95;40831.1;-12.494;0.3;81.67;35.478;0;0;0;0
CA;2010;21;21;21;0;0;-4.75;-22.025;-3.4;-87.728;81.1;2.288;26.79;9.982;3.08;47512.68;16.364;1.77;77.46;-5.152;0;0;0;0
CA;2011;21;21;21;0;0;-3.32;30.139;-2.69;20.701;81.51;0.513;27.14;1.337;3.14;52142.72;9.745;2.89;75.04;-3.123;0;0;0;0
CA;2012;21;21;21;0;0;-2.53;23.696;-1.86;31.118;84.84;4.082;28.22;3.972;1.75;52574.87;0.829;1.53;84.04;12;0;0;0;0
CA;2013;21;21;21;0;0;-1.88;25.8;-1.42;23.72;86.08;1.462;29.38;4.093;2.22;52345.31;-0.437;0.93;82.29;-2.085;0;0;0;0
CA;2014;21;21;21;0;0;-0.5;73.269;-0.54;62.049;86.2;0.141;28.07;-4.453;2.47;50252.09;-3.999;1.92;86.9;5.595;0;0;0;0
CA;2015;21;21;21;0;0;-1.69;-236.255;-1.28;-138.92;91.47;6.108;26.67;-4.967;1.18;43331.96;-13.771;1.11;101.08;16.326;0;0;0;0
CH;1994;21;21;21;0;0;-2.29;0;-2.25;0;49.97;0;23.7;0;1.33;41883.09;0;0.85;0;0;1;1;1;1
CH;1995;21;21;21;0;0;-1.53;33.435;-1.37;39.103;52.84;5.729;25.67;8.335;0.56;48717.39;16.318;1.8;0;0;1;1;1;1
CH;1996;21;21;21;0;0;-1.77;-15.803;-1.37;0.073;54.29;2.742;27.75;8.115;0.55;46684.22;-4.173;0.81;0;0;1;1;1;1
CH;1997;21;21;21;0;0;-2.27;-28.539;-2.03;-47.994;56.95;4.9;29.58;6.583;2.28;40468.49;-13.314;0.52;0;0;1;1;1;1
CH;1998;21;21;21;0;0;-1.19;47.753;-1.23;39.33;59.35;4.223;30.68;3.722;2.87;41520.76;2.6;0.02;0;0;1;1;1;1
CH;1999;21;21;21;0;0;-0.24;80.101;-0.14;89.033;55.77;-6.032;34.74;13.22;1.59;40622.23;-2.164;0.81;0;0;1;1;1;1
CH;2000;21;21;21;0;0;2.21;1037.712;1.86;1480;54.56;-2.166;34.85;0.322;4.17;37948.71;-6.581;1.56;0;0;1;1;1;1
CH;2001;21;21;21;0;0;0.7;-68.324;0.67;-63.875;53.54;-1.879;35.72;2.511;1.46;38741.83;2.09;0.99;0;0;1;1;1;1
CH;2002;21;21;21;0;0;-0.09;-113.124;0.4;-40.267;60.35;12.716;39.69;11.105;0.15;41535.47;7.211;0.64;0;0;1;1;1;1
CH;2003;21;21;21;0;0;-1.3;-1316.304;-0.34;-184.577;59.45;-1.491;39.81;0.31;0.08;48182.85;16.004;0.64;215.01;0;1;1;1;1
CH;2004;21;21;21;0;0;-1.26;2.993;-0.66;-94.118;60.77;2.224;45.75;14.907;2.64;53361.23;10.747;0.8;216.69;0.779;1;1;1;1
CH;2005;21;21;21;0;0;-0.56;56.013;-0.36;44.848;58.26;-4.134;42.7;-6.669;3.09;54959.28;2.995;1.17;207.31;-4.329;1;1;1;1
CH;2006;21;21;21;0;0;0.86;255.216;0.47;229.121;51.67;-11.312;37.45;-12.284;4.15;57595.48;4.797;1.06;236.82;14.237;1;1;1;1
CH;2007;21;21;21;0;0;1.62;87.949;0.74;57.66;49.53;-4.144;30.17;-19.44;4.14;63649.69;10.512;0.74;315;33.014;1;1;1;1
CH;2008;21;21;21;0;0;1.76;8.385;0.84;12.686;49.4;-0.26;29.29;-2.92;2.19;72748.13;14.295;2.43;244.11;-22.506;1;1;1;1
CH;2009;21;21;21;0;0;0.6;-65.586;0.97;16.287;47.34;-4.17;27.49;-6.162;-2.13;70233.01;-3.457;-0.48;231.2;-5.289;1;1;1;1
CH;2010;21;21;21;0;0;0.32;-47.603;0.44;-55.201;46.13;-2.544;26.43;-3.853;2.86;74563.98;6.167;0.68;226.16;-2.179;1;1;1;1
CH;2011;21;21;21;0;0;0.46;44.795;0.57;30.345;46.03;-0.228;26.22;-0.776;1.94;88516.68;18.712;0.23;205.87;-8.973;1;1;1;1
CH;2012;21;21;21;0;0;-0.01;-102.614;0.29;-48.854;46.63;1.312;25.52;-2.673;1.12;83648.06;-5.5;-0.7;236.73;14.991;1;1;1;1
CH;2013;21;21;21;0;0;-0.16;-1191.667;0.08;-74.138;46.35;-0.6;25.24;-1.101;1.78;85240.72;1.904;-0.22;237.28;0.232;1;1;1;1
CH;2014;21;21;21;0;0;-0.17;-7.097;-0.07;-197.333;45.66;-1.491;24.55;-2.734;1.89;86145.83;1.062;-0.01;225.88;-4.803;1;1;1;1
CH;2015;21;21;21;0;0;-0.23;-41.566;0;100;45.63;-0.072;24.52;-0.138;0.86;80675.31;-6.35;-1.14;248.14;9.853;1;1;1;1
CL;1994;14;14;14;0;0;1.45;0;0;0;22.83;0;8.11;0;5.67;4017.86;0;11.44;0;0;0;0;1;1
CL;1995;15;15;15;0;0;3.13;115.713;0;0;17.41;-23.723;3.93;-51.597;10.49;5090.12;26.687;8.23;0;0;0;0;1;1
CL;1996;15;15;15;0;0;2.1;-33.067;0;0;14.75;-15.281;1.46;-62.863;7.36;5321.97;4.555;7.36;0;0;0;0;0;1
CL;1997;15;15;15;0;0;2.06;-1.623;0;0;12.92;-12.458;-0.44;-129.904;6.61;5733.65;7.735;6.13;0;0;0;0;0;1
CL;1998;15;15;15;0;0;0.39;-80.932;0;0;12.18;-5.668;-0.28;36.468;3.27;5437.33;-5.168;5.11;0;0;0;0;0;1
CL;1999;15;15;15;0;0;-2.03;-615.776;0;0;13.34;9.497;1.64;690.253;-0.71;4950.72;-8.949;3.34;0;0;0;0;0;1
CL;2000;15;15;15;0;0;-0.7;65.664;0;0;13.19;-1.117;3.08;88.502;4.47;5064.47;2.298;3.84;0;0;0;0;0;1
CL;2001;15;15;15;0;0;-0.5;28.736;0.66;0;14.4;9.127;5.59;81.376;3.34;4577.86;-9.608;3.57;0;0;0;0;0;0
CL;2002;15;15;15;0;0;-1.17;-136.694;0.32;-51.745;15.09;4.807;7.6;35.975;2.17;4474.2;-2.264;2.49;0;0;0;0;0;0
CL;2003;15;15;15;0;0;-0.42;64.395;0.54;68.553;12.64;-16.213;6.53;-14.156;3.39;4804.84;7.39;2.81;60.49;0;0;0;0;0
CL;2005;16;16;16;0;0;4.54;121.837;0.49;-5.088;7;-32.028;-0.01;-100.126;6.31;7612.49;22.709;3.05;40.6;-14.814;0;0;0;0
CL;2006;16;16;16;0;0;7.47;64.413;0.81;67.629;4.99;-28.627;-6.63;-132480;5.83;9473.36;24.445;3.39;35.67;-12.152;0;0;0;0
CL;2011;17;17;17;0;0;1.43;493.939;-1.05;57.393;11.15;29.686;-8.62;-22.491;5.79;14525.65;14.09;3.34;41.92;0.074;0;0;0;0
CN;1997;14;15;14.5;1;1;-0.73;0.814;-0.87;11.157;20.47;-4.023;;0;9.2;778.07;10.176;2.8;15.49;2.009;0;0;0;0
CN;1998;14;15;14.5;1;1;-1.08;-48.153;-0.94;-8.065;36.99;80.705;;0;7.8;824.62;5.984;-0.8;14.28;-7.832;0;0;0;0
CN;1999;13;15;14;1;2;-2.31;-113.573;-1.9;-102.665;37.28;0.765;;0;7.6;868.61;5.334;-1.4;13.82;-3.187;0;0;0;0
CN;2000;13;15;14;1;2;-2.84;-22.741;-2.17;-14.361;36.95;-0.885;;0;8.4;953.78;9.805;0.4;12.23;-11.483;0;0;0;0
CN;2001;13;15;14;1;2;-2.59;8.806;-1.64;24.793;37.19;0.666;;0;8.3;1047.52;9.829;0.7;14.02;14.592;0;0;0;0
CN;2002;13;15;14;1;2;-2.88;-11.124;-1.76;-7.768;37.4;0.562;;0;9.1;1143.5;9.162;-0.8;12.8;-8.696;0;0;0;0
CN;2003;13;15;14;1;2;-2.39;16.962;-1.32;25.028;36.93;-1.254;;0;10;1285.11;12.384;1.2;12.6;-1.586;0;0;0;0
CN;2004;14;15;14.5;1;1;-1.51;36.835;-0.49;63.058;35.02;-5.185;;0;10.1;1502.17;16.891;3.9;12.62;0.183;0;0;0;0
CN;2005;15;16;15.5;1;1;-1.4;7.223;-0.52;-6.557;33.75;-3.615;;0;11.3;1752.47;16.662;1.8;12.48;-1.102;0;0;0;0
CN;2006;16;16;16;0;0;-1.14;18.286;-0.65;-24.038;31.97;-5.286;;0;12.7;2093.55;19.463;1.5;11.77;-5.657;0;0;0;0
CN;2007;16;17;16.5;1;1;0.06;105.157;-0.14;78.45;34.47;7.823;;0;14.2;2681.14;28.067;4.8;10.53;-10.591;0;0;0;0
CN;2008;17;17;17;0;0;-0.02;-142.373;-0.32;-128.777;31.65;-8.181;;0;9.6;3437.41;28.207;5.9;8.25;-21.621;0;0;0;0
CN;2009;17;17;17;0;0;-1.79;-7044;-1.84;-479.245;36.92;16.661;;0;9.2;3800.27;10.556;-0.7;8.83;7.005;0;0;0;0
CO;2011;12;12;12;0;0;-1.98;39.842;-2.64;-3.605;35.63;-2.209;27.07;-4.854;6.59;7305.22;15.859;3.42;23;-0.609;0;0;0;1
CO;2012;12;12;12;0;0;0.08;104.083;-1.47;44.516;34.07;-4.386;24.87;-8.117;4.04;7933.53;8.601;3.17;21.58;-6.183;0;0;0;1
CO;2013;13;13;13;0;0;-0.86;-1161.728;-2.53;-72.324;37.8;10.93;27.01;8.609;4.87;8065.22;1.66;2.02;24.39;13.023;0;0;0;1
CO;2014;13;13;13;0;0;-1.76;-104.419;-3.13;-23.774;44.28;17.164;33.79;25.093;4.39;7928.06;-1.701;2.9;27.98;14.733;0;0;0;0
CO;2015;13;13;13;0;0;-2.84;-61.661;-3.3;-5.465;49.37;11.499;40.26;19.142;3.08;6083.51;-23.266;4.99;38.64;38.106;0;0;0;0
CZ;2003;15;15;15;0;0;-6.4;-2.089;-5.13;-8.328;28.15;8.575;;0;3.6;9744.45;21.694;0.11;36.35;0;1;1;1;1
CZ;2004;15;15;15;0;0;-2.71;57.654;-2.26;55.902;28.45;1.091;;0;4.95;11669.13;19.752;2.78;39.86;9.671;1;1;1;1
CZ;2005;15;16;15.5;1;1;-3.11;-14.718;-2.56;-13.097;28.02;-1.539;;0;6.44;13333.86;14.266;1.84;35.78;-10.246;1;1;1;1
CZ;2006;15;16;15.5;1;1;-2.26;27.492;-4.17;-62.989;27.91;-0.375;;0;6.88;15181.86;13.859;2.54;39.22;9.621;1;1;1;1
CZ;2007;16;16;16;0;0;-0.69;69.224;-3.23;22.54;27.81;-0.373;;0;5.53;18393.74;21.156;2.86;43.03;9.707;1;1;1;1
CZ;2008;16;17;16.5;1;1;-2.11;-203.602;-4.75;-47.258;28.66;3.06;;0;2.71;22769.35;23.789;6.34;37.78;-12.2;1;1;1;1
CZ;2009;16;17;16.5;1;1;-5.51;-161.699;-5.6;-17.74;34.06;18.843;;0;-4.84;19744.56;-13.284;1.03;47.3;25.219;1;1;1;1
CZ;2010;16;17;16.5;1;1;-4.41;19.949;-4.24;24.236;38.16;12.029;;0;2.3;19787.29;0.216;1.46;50.46;6.665;1;1;1;1
DE;1994;21;21;21;0;0;-2.51;18.748;-2.27;13.857;46.82;5.103;0;0;2.53;27116.26;6.562;2.72;0;0;0;0;0;0
DE;1995;21;21;21;0;0;-9.33;-272.575;-2.85;-25.65;54.12;15.603;33.88;0;1.82;31709.25;16.938;1.73;0;0;0;0;0;0
DE;1996;21;21;21;0;0;-3.39;63.731;-2.71;4.946;56.91;5.149;37.1;9.507;0.86;30540.23;-3.687;1.26;0;0;0;0;0;0
DE;1997;21;21;21;0;0;-2.83;16.484;-2.29;15.572;58.1;2.089;38.73;4.388;1.9;27075.42;-11.345;1.51;0;0;0;0;0;0
DE;1998;21;21;21;0;0;-2.42;14.362;-1.99;13.156;58.74;1.1;40.45;4.449;1.78;27383.31;1.137;0.62;0;0;0;0;0;0
DE;1999;21;21;21;0;0;-1.54;36.473;-1.26;36.588;60.03;2.203;42.01;3.849;1.85;26810.52;-2.092;0.65;0;0;0;0;0;0
DE;2000;21;21;21;0;0;0.98;163.719;-2.04;-62.143;58.86;-1.949;38.95;-7.289;3.19;23774.43;-11.324;1.38;0;0;0;0;0;0
DE;2001;21;21;21;0;0;-3.05;-411.429;-3.33;-63.191;57.66;-2.037;40.19;3.194;1.84;23681.67;-0.39;1.91;0;0;0;0;0;0
DE;2002;21;21;21;0;0;-3.88;-27.195;-3.51;-5.369;59.26;2.764;42.77;6.41;0.02;25279.62;6.748;1.35;0;0;0;0;0;0
DE;2003;21;21;21;0;0;-4.07;-4.766;-2.93;16.709;62.97;6.264;46.71;9.213;-0.73;30418.96;20.33;1.03;134.05;0;0;0;0;0
DE;2004;21;21;21;0;0;-3.66;9.983;-2.73;6.596;64.7;2.752;48.96;4.824;0.7;34218.69;12.491;1.78;103.31;-22.931;0;0;0;0
DE;2005;21;21;21;0;0;-3.26;11.035;-2.07;24.442;66.95;3.468;51.53;5.247;0.88;34769.26;1.609;1.95;111.73;8.152;0;0;0;0
DE;2006;21;21;21;0;0;-1.55;52.502;-1.69;18.063;66.38;-0.85;51.06;-0.908;3.88;36507.13;4.998;1.8;111.41;-0.292;0;0;0;0
DE;2007;21;21;21;0;0;0.31;120.039;-0.82;51.478;63.59;-4.203;48.13;-5.746;3.38;41897.51;14.765;2.27;105.47;-5.326;0;0;0;0
DE;2008;21;21;21;0;0;-0.02;-107.097;-0.75;8.648;65.04;2.288;47.96;-0.355;0.81;45976.12;9.735;2.76;142.45;35.063;0;0;0;0
DE;2009;21;21;21;0;0;-3.03;-13668.182;-0.86;-14.267;72.5;11.467;54.26;13.141;-5.57;41889.7;-8.888;0.22;155.07;8.858;0;0;0;0
DE;2010;21;21;21;0;0;-4.06;-34.137;-2.19;-155.076;81.01;11.735;56.69;4.49;3.95;41876.44;-0.032;1.15;159.04;2.558;0;0;0;0
DE;2011;21;21;21;0;0;-0.86;78.809;-1.25;42.772;78.37;-3.25;55.04;-2.919;3.72;46822.36;11.811;2.48;147.43;-7.302;0;0;0;0
DE;2012;21;21;21;0;0;0.09;110.918;0;100.32;79.71;1.701;54.4;-1.152;0.61;43981.75;-6.067;2.15;166.22;12.748;0;0;0;0
DE;2013;21;21;21;0;0;0.15;57.447;0.41;10075;77.35;-2.956;53.44;-1.772;0.41;46386.11;5.467;1.59;153.37;-7.732;0;0;0;0
DE;2014;21;21;21;0;0;0.31;106.757;0.71;73.464;74.92;-3.147;51.85;-2.972;1.58;47716.19;2.867;0.77;138.42;-9.746;0;0;0;0
DE;2015;21;21;21;0;0;0.64;109.15;0.7;-0.992;71;-5.235;48.77;-5.944;1.45;40996.51;-14.083;0.14;143.57;3.722;0;0;0;0
DK;1994;20;20;20;0;0;-3.6;1.906;-3.6;1.879;75.24;-4.311;0;0;5.33;30054.14;8.721;2;0;0;0;0;0;0
DK;1995;20;20;20;0;0;-3.62;-0.472;-3.62;-0.472;71.39;-5.109;38.16;0;3.03;35477.69;18.046;2.08;0;0;0;0;0;0
DK;1996;20;20;20;0;0;-2.48;31.436;-2.48;31.409;68.26;-4.387;37.98;-0.485;2.9;35734.72;0.724;2.16;0;0;0;0;0;0
DK;1997;20;20;20;0;0;-1.2;51.652;-1.2;51.671;64.28;-5.835;36.42;-4.11;3.26;32901.28;-7.929;2.18;0;0;0;0;0;0
DK;1998;20;20;20;0;0;-0.39;67.667;-0.39;67.583;60.28;-6.221;37.65;3.375;2.22;33429.55;1.606;1.82;0;0;0;0;0;0
DK;1999;20;20;20;0;0;0.87;323.969;0.87;323.393;56.76;-5.831;30.64;-18.616;2.95;33491.68;0.186;2.48;0;0;0;0;0;0
DK;2000;20;20;20;0;0;1.89;117.146;-0.32;-136.939;52.35;-7.769;25.52;-16.718;3.75;30804.46;-8.024;2.93;0;0;0;0;0;0
DK;2003;21;21;21;0;0;-0.13;-786.667;1.1;319.392;46.15;-5.972;18.39;-12.636;0.39;40519.86;21.762;2.08;137.18;0;0;0;0;0
DK;2004;21;21;21;0;0;2.07;1659.398;0.6;-45.966;44.18;-4.271;14.18;-22.875;2.64;46546.23;14.873;1.15;139.55;1.725;0;0;0;0
DK;2005;21;21;21;0;0;4.95;138.814;2.14;259.228;37.4;-15.347;9.46;-33.298;2.43;48893.25;5.042;1.82;134.45;-3.655;0;0;0;0
DK;2006;21;21;21;0;0;4.99;0.666;1.36;-36.665;31.54;-15.664;1.12;-88.172;3.8;52137.04;6.634;1.92;157.29;16.991;0;0;0;0
DK;2007;21;21;21;0;0;5.02;0.682;2.07;52.36;27.34;-13.322;-4.61;-512.332;0.82;58655.29;12.502;1.69;177.33;12.736;0;0;0;0
DK;2008;21;21;21;0;0;3.18;-36.633;1.2;-42.11;33.39;22.119;-6.67;-44.495;-0.71;64390.56;9.778;3.42;164.16;-7.427;0;0;0;0
DK;2009;21;21;21;0;0;-2.81;-188.368;-0.08;-106.856;40.37;20.913;-5.91;11.369;-5.09;58018.21;-9.896;1.31;187.97;14.506;0;0;0;0
DK;2010;21;21;21;0;0;-2.73;2.917;-2.33;-2746.341;42.88;6.22;-3.29;44.322;1.62;57782.72;-0.406;2.31;184.58;-1.803;0;0;0;0
DK;2011;21;21;21;0;0;-2.07;24.111;-2.41;-3.042;46.41;8.232;1.13;134.316;1.16;61413.56;6.284;2.76;164.59;-10.829;0;0;0;0
DK;2012;21;21;21;0;0;-3.51;-69.628;-2.3;4.366;45.18;-2.65;6.62;486.094;-0.08;58240.55;-5.167;2.4;178.08;8.196;0;0;0;0
DK;2013;21;21;21;0;0;-1.07;69.57;-1.43;38;44.64;-1.193;4.01;-39.444;-0.24;60494.27;3.87;0.79;175.35;-1.535;0;0;0;0
DK;2014;21;21;21;0;0;1.47;237.138;-1.84;-29.313;44.62;-0.038;4.85;21.088;1.26;61507.91;1.676;0.56;150.56;-14.138;0;0;0;0
DK;2015;21;21;21;0;0;-1.95;-233.151;-1.27;31.074;45.64;2.27;6.7;38.149;1.16;52114.17;-15.272;0.45;150.83;0.184;0;0;0;0
EG;1997;12;12;12;0;0;0;0;0;0;0;0;0;0;5.92;1342.93;0;6.17;37.69;0;1;1;1;1
EG;1998;12;12;12;0;0;0;0;0;0;0;0;0;0;7.54;1469.32;9.412;5.04;37.51;-0.488;1;1;1;1
EG;1999;12;12;12;0;0;0;0;0;0;0;0;0;0;6.11;1532.89;4.327;3.75;33.87;-9.71;1;1;1;1
EG;2000;12;12;12;0;0;0;0;0;0;0;0;0;0;5.38;1642.63;7.159;2.85;28.96;-14.501;1;1;1;1
EG;2001;12;12;12;0;0;0;0;0;0;0;0;0;0;3.52;1569.04;-4.48;2.43;27.64;-4.538;1;1;1;1
ES;1994;19;19;19;0;0;-6.74;8.147;0;0;58.68;4.493;45.16;14.642;2.34;13482.95;0.074;4.72;0;0;0;0;0;0
ES;1995;19;19;19;0;0;-7.23;-7.209;0;0;63.38;8.011;56.98;26.16;4.12;15548.23;15.318;4.67;0;0;0;0;0;0
ES;1996;19;19;19;0;0;-5.53;23.464;0;0;67.53;6.535;60.07;5.436;2.42;16173.12;4.019;3.6;0;0;0;0;0;0
ES;1997;19;19;19;0;0;-4.02;27.296;0;0;66.21;-1.955;59.87;-0.341;3.87;14853.89;-8.157;1.88;0;0;0;0;0;0
ES;1998;19;19;19;0;0;-3.03;24.714;0;0;64.21;-3.012;57.37;-4.164;4.47;15531.86;4.564;1.76;0;0;0;0;0;0
ES;1999;20;20;20;0;0;-1.36;55.218;0;0;62.46;-2.73;54.52;-4.973;4.75;15888.53;2.296;2.24;0;0;0;0;0;0
ES;2000;20;20;20;0;0;-1.02;24.631;-2.09;0;57.96;-7.205;49.11;-9.93;5.05;14830.78;-6.657;3.48;0;0;0;0;0;0
ES;2001;20;20;20;0;0;-0.55;46.282;-2.15;-2.73;54.16;-6.549;46.33;-5.663;4;15385.35;3.739;3.59;0;0;0;0;0;0
ES;2002;20;20;20;0;0;-0.41;24.408;-1.8;16.27;51.27;-5.345;42.86;-7.484;2.88;17083.1;11.035;3.53;0;0;0;0;0;0
ES;2003;20;21;20.5;1;1;-0.37;11.084;-1.81;-0.612;47.64;-7.077;40.32;-5.931;3.19;21532.45;26.045;3.04;108.97;0;0;0;0;0
ES;2004;21;21;21;0;0;-0.03;92.412;-1.63;9.574;45.26;-4.994;37.72;-6.446;3.17;24988.98;16.053;3.05;116.61;7.011;0;0;0;0
ES;2005;21;21;21;0;0;1.21;4407.143;-0.86;47.124;42.28;-6.577;34.05;-9.717;3.72;26550.34;6.248;3.38;118.41;1.543;0;0;0;0
ES;2006;21;21;21;0;0;2.2;82.172;-0.54;37.616;38.91;-7.986;29.97;-11.984;4.18;28531.25;7.461;3.52;145.28;22.687;0;0;0;0
ES;2007;21;21;21;0;0;2;-8.967;-1.28;-138.033;35.51;-8.731;26.02;-13.196;3.77;32748.09;14.78;2.78;159.5;9.788;0;0;0;0
ES;2008;21;21;21;0;0;-4.43;-321.25;-7.19;-460.483;39.4;10.952;30.02;15.375;1.12;35724.77;9.09;4.08;146.28;-8.289;0;0;0;0
ES;2009;20;21;20.5;1;1;-10.96;-147.616;-10.44;-45.223;52.71;33.772;24.23;-19.279;-3.58;32412.23;-9.272;-0.28;172.34;17.818;0;0;0;0
ES;2010;19;20;19.5;1;1;-9.39;14.347;-8.22;21.297;60.07;13.966;32.49;34.069;0.02;30802.85;-4.965;1.8;162.67;-5.609;0;0;0;0
ES;2011;19;19;19;0;0;-9.46;-0.81;-7.12;13.432;69.46;15.643;39.32;21.037;-1;31867.78;3.457;3.19;154.67;-4.918;0;0;0;0
ES;2012;12;13;12.5;1;1;-10.44;-10.369;-3.6;49.473;85.41;22.961;52.1;32.493;-2.62;28667.77;-10.042;2.44;129.64;-16.185;0;0;0;0
ES;2013;12;13;12.5;1;1;-6.91;33.844;-2.68;25.508;93.68;9.676;59.86;14.902;-1.67;29396.75;2.543;1.41;165.39;27.58;0;0;0;0
ES;2014;13;14;13.5;1;1;-5.89;14.737;-2.46;8.103;99.29;5.991;64;6.916;1.36;29782.22;1.311;-0.15;153.14;-7.407;0;0;0;0
ES;2015;14;14;14;0;0;-4.55;22.784;-2.37;3.82;98.95;-0.335;64.97;1.52;3.21;25864.72;-13.154;-0.5;164.79;7.604;0;0;0;0
EE;2000;14;14;14;0;0;-0.25;93.038;0.15;0;5.11;-14.252;-0.29;-3.597;10.57;4072.16;-2.176;3.93;0;0;0;0;0;0
EE;2001;15;15;15;0;0;-0.08;67.611;0.4;165.132;4.78;-6.551;-2.62;-807.986;6.33;4494.45;10.37;5.63;0;0;0;0;0;0
EE;2002;15;15;15;0;0;0.25;417.5;0.86;112.655;5.7;19.209;-4.82;-84.245;6.08;5308.89;18.121;3.59;0;0;0;0;0;0
EE;2003;15;15;15;0;0;1.67;558.268;1.89;120.303;5.62;-1.299;-6.82;-41.594;7.42;7163.76;34.939;1.39;76.08;0;0;0;0;0
EE;2004;16;16;16;0;0;1.64;-1.675;1.65;-12.712;5.06;-9.977;-8.25;-20.976;6.3;8835.49;23.336;3.04;88.61;16.471;0;0;0;0
EE;2005;16;16;16;0;0;1.61;-2.372;0.33;-80.279;4.55;-10.134;-9.25;-12.056;9.37;10320.6;16.809;4.12;84.78;-4.323;0;0;0;0
EE;2006;16;16;16;0;0;2.44;51.838;-0.69;-312;4.4;-3.188;-10.67;-15.42;10.27;12576.7;21.86;4.44;106;25.031;0;0;0;0
EE;2007;16;16;16;0;0;2.36;-3.119;-2.21;-220.61;3.66;-16.803;-10.5;1.677;7.75;16579.4;31.826;6.75;123.74;16.737;0;0;0;0
EE;2010;16;16;16;0;0;0.19;109.694;1.76;48.482;6.55;-6.934;-7.95;15.96;2.46;14656.67;-0.683;2.74;119.24;-8.693;0;0;0;0
FI;1994;18;18;18;0;0;-6.4;20.804;-2.64;4.559;56.12;3.715;-28.34;-1.475;3.94;21244.02;6.821;1.08;0;0;0;0;0;0
FI;1995;18;18;18;0;0;-5.97;6.704;-3.21;-21.683;55.15;-1.73;-7.03;75.206;4.21;25288.34;19.037;1;0;0;0;0;0;0
FI;1996;19;19;19;0;0;-3.37;43.585;-0.93;70.935;55.32;0.31;-6.43;8.567;3.66;25321.06;0.129;1.07;0;0;0;0;0;0
FI;1997;19;20;19.5;1;1;-1.33;60.629;-1.17;-24.973;52.25;-5.55;-7.26;-12.996;6.25;24474.24;-3.344;1.22;0;0;0;0;0;0
FI;1998;19;21;20;1;2;1.54;215.988;0.54;146.398;46.86;-10.309;-14.06;-93.609;5.43;26204.41;7.069;1.35;0;0;0;0;0;0
FI;1999;20;21;20.5;1;1;1.6;3.771;0.84;54.898;44.01;-6.088;-48.36;-244.045;4.44;26242.77;0.146;1.31;0;0;0;0;0;0
FI;2000;20;21;20.5;1;1;6.74;321.992;5.33;536.396;42.49;-3.461;-30.08;37.803;5.64;24347.47;-7.222;2.95;0;0;0;0;0;0
FI;2001;20;21;20.5;1;1;4.9;-27.275;3.94;-26.12;40.95;-3.622;-30.44;-1.2;2.58;24967.82;2.548;2.67;0;0;0;0;0;0
FI;2002;21;21;21;0;0;3.98;-18.783;3.65;-7.31;40.17;-1.898;-30.23;0.683;1.68;26958.55;7.973;2.01;0;0;0;0;0;0
FI;2003;21;21;21;0;0;2.34;-41.126;2.25;-38.335;42.74;6.393;-36.81;-21.776;1.99;32921.38;22.119;1.29;109.33;0;0;0;0;0
FI;2004;21;21;21;0;0;2.16;-7.728;1.34;-40.453;42.65;-0.211;-44.74;-21.535;3.93;37748.13;14.661;0.15;114.93;5.126;0;0;0;0
FI;2005;21;21;21;0;0;2.59;19.991;1.69;25.652;39.94;-6.357;-56.02;-25.202;2.78;39106.58;3.599;0.77;107.42;-6.537;0;0;0;0
FI;2006;21;21;21;0;0;3.93;51.6;2.24;32.76;38.06;-4.702;-66.52;-18.748;4.06;41240.45;5.457;1.28;122.06;13.628;0;0;0;0
FI;2007;21;21;21;0;0;5.13;30.476;2.07;-7.421;33.99;-10.683;-69.74;-4.838;5.19;48463.31;17.514;1.58;125.23;2.598;0;0;0;0
FI;2008;21;21;21;0;0;4.18;-18.561;1.65;-20.135;32.65;-3.939;-49.97;28.349;0.72;53785.14;10.981;3.92;119.96;-4.207;0;0;0;0
FI;2009;21;21;21;0;0;-2.53;-160.594;-0.08;-104.897;41.7;27.69;-59.65;-19.368;-8.27;47337.94;-11.987;1.63;161.81;34.888;0;0;0;0
FI;2010;21;21;21;0;0;-2.62;-3.556;-1.41;-1638.272;47.12;13.006;-61.76;-3.544;2.99;46391.71;-1.999;1.69;181;11.858;0;0;0;0
FI;2011;21;21;21;0;0;-1.02;61.236;-0.94;33.097;48.5;2.939;-48.78;21.022;2.57;50960.18;9.848;3.32;192.68;6.454;0;0;0;0
FI;2012;21;21;21;0;0;-2.12;-108.858;-1.1;-16.242;52.89;9.038;-50.3;-3.124;-1.43;47553.4;-6.685;3.16;228.16;18.415;0;0;0;0
FI;2013;21;21;21;0;0;-2.51;-18.332;-0.89;18.721;55.43;4.803;-53.87;-7.089;-0.76;49766.37;4.654;2.22;211.69;-7.222;0;0;0;0
FI;2014;20;21;20.5;1;1;-3.31;-31.86;-1.11;-24.382;59.3;6.977;-50.05;7.086;-0.7;50037.64;0.545;1.21;199.46;-5.776;0;0;0;0
FI;2015;20;21;20.5;1;1;-3.35;-1.178;-0.96;13.189;62.41;5.257;-46.29;7.52;0.43;41973.99;-16.115;-0.16;208.01;4.286;0;0;0;0
FR;1994;21;21;21;0;0;-5.37;14.764;-4.28;15.313;49.33;7.046;41.32;16.44;2.35;24398.14;5.11;1.66;0;0;0;0;0;0
FR;1995;21;21;21;0;0;-5.12;4.563;-4.1;4.187;55.46;12.421;46.32;12.101;2.09;27898.3;14.346;1.77;0;0;0;0;0;0
FR;1996;21;21;21;0;0;-3.9;23.907;-2.47;39.819;59.37;7.054;49.34;6.509;1.39;27870.57;-0.099;2.08;0;0;0;0;0;0
FR;1997;21;21;21;0;0;-3.63;6.976;-2.24;9.249;60.78;2.382;50.45;2.258;2.34;25167;-9.7;1.27;0;0;0;0;0;0
FR;1998;21;21;21;0;0;-2.41;33.637;-1.65;26.196;60.84;0.1;50.77;0.628;3.56;25951.7;3.118;0.68;0;0;0;0;0;0
FR;1999;21;21;21;0;0;-1.58;34.4;-1.35;18.474;60.02;-1.359;50.48;-0.555;3.41;25680.9;-1.044;0.57;0;0;0;0;0;0
FR;2000;21;21;21;0;0;-1.32;16.529;-2.01;-49.108;58.43;-2.636;49.85;-1.26;3.88;23317.94;-9.201;1.82;0;0;0;0;0;0
FR;2001;21;21;21;0;0;-1.44;-9.029;-2.13;-6.079;57.94;-0.839;49.68;-0.333;1.95;23342.09;0.104;1.78;0;0;0;0;0;0
FR;2002;21;21;21;0;0;-3.09;-114.823;-3.38;-58.572;59.84;3.274;51.41;3.476;1.12;25226.21;8.072;1.94;0;0;0;0;0;0
FR;2003;21;21;21;0;0;-3.86;-25.008;-3.55;-5.124;63.95;6.863;55.03;7.045;0.82;30808.71;22.13;2.17;123.03;0;0;0;0;0
FR;2004;21;21;21;0;0;-3.49;9.588;-3.54;0.141;65.52;2.452;56.77;3.16;2.79;35153.79;14.103;2.33;132.4;7.613;0;0;0;0
FR;2005;21;21;21;0;0;-3.17;9.286;-3.64;-2.793;67;2.273;58.77;3.523;1.61;36209.52;3.003;1.89;136.2;2.868;0;0;0;0
FR;2006;21;21;21;0;0;-2.34;26.003;-2.88;21.054;64.24;-4.121;57.84;-1.586;2.38;37900.03;4.669;1.89;161.03;18.232;0;0;0;0
FR;2007;21;21;21;0;0;-2.54;-8.625;-3.61;-25.661;64.19;-0.084;57.75;-0.154;2.36;43155.5;13.867;1.61;178.17;10.645;0;0;0;0
FR;2008;21;21;21;0;0;-3.18;-25.118;-3.91;-8.273;67.85;5.705;60.32;4.443;0.2;47273.32;9.542;3.16;163.47;-8.249;0;0;0;0
FR;2009;21;21;21;0;0;-7.16;-125.008;-5.56;-42.065;78.76;16.081;70.06;16.159;-2.94;43234.25;-8.544;0.11;188.93;15.569;0;0;0;0
FR;2010;21;21;21;0;0;-6.8;5.124;-5.71;-2.626;81.46;3.422;73.75;5.26;1.97;42249.06;-2.279;1.74;191.07;1.134;0;0;0;0
FR;2011;21;21;21;0;0;-5.1;24.989;-4.6;19.316;84.95;4.291;76.38;3.573;2.08;45430.28;7.53;2.29;178.36;-6.65;0;0;0;0
FR;2012;20;21;20.5;1;1;-4.81;5.572;-3.7;19.574;89.4;5.241;81.69;6.955;0.18;42333.09;-6.817;2.22;197.71;10.85;0;0;0;0
FR;2013;19;20;19.5;1;1;-4.08;15.188;-2.85;23.069;92.29;3.229;84.58;3.534;0.66;44132.22;4.25;0.99;194.43;-1.662;0;0;0;0
FR;2014;19;19;19;0;0;-3.95;3.332;-2.36;17.17;95.56;3.543;87.85;3.867;0.18;44288.76;0.355;0.61;190.32;-2.113;0;0;0;0
FR;2015;19;19;19;0;0;-3.65;7.577;-2.11;10.471;96.79;1.282;89.08;1.393;1.14;37675.01;-14.933;0.09;201.6;5.927;0;0;0;0
GB;1995;21;21;21;0;0;-5.39;13.477;-4.5;10.13;47.42;7.186;42.72;10.984;2.52;21330.82;8.039;2.68;0;0;0;0;0;0
GB;1996;21;21;21;0;0;-3.84;28.741;-3.07;31.659;47.5;0.173;45.94;7.547;2.67;22466.26;5.323;2.46;0;0;0;0;0;0
GB;1997;21;21;21;0;0;-2.07;46.136;-1.56;49.414;46.62;-1.855;42.51;-7.483;3.1;24805.26;10.411;1.82;0;0;0;0;0;0
GB;1998;21;21;21;0;0;-0.23;89.13;-0.01;99.357;43.98;-5.646;40.07;-5.738;3.38;26286.69;5.972;1.56;0;0;0;0;0;0
GB;1999;21;21;21;0;0;0.77;440;0.77;7830;41.75;-5.09;38.15;-4.795;3.11;26676.58;1.483;1.35;0;0;0;0;0;0
GB;2000;21;21;21;0;0;1.17;52.418;0.82;6.598;38.9;-6.82;32.55;-14.668;3.8;26405.09;-1.018;0.8;0;0;0;0;0;0
GB;2001;21;21;21;0;0;0.41;-65.009;0;-100.243;36.03;-7.383;31.29;-3.868;2.76;25987.05;-1.583;1.24;0;0;0;0;0;0
GB;2002;21;21;21;0;0;-2.07;-606.127;-2.4;-120000;35.81;-0.6;31.44;0.476;2.49;28326.48;9.002;1.23;0;0;0;0;0;0
GB;2003;21;21;21;0;0;-3.39;-63.923;-3.97;-65.196;37.33;4.242;33.31;5.951;3.34;32633.54;15.205;1.38;266.88;0;0;0;0;0
GB;2004;21;21;21;0;0;-3.59;-5.968;-4.31;-8.543;40.19;7.675;36.09;8.334;2.49;38403.8;17.682;1.35;283.6;6.264;0;0;0;0
GB;2005;21;21;21;0;0;-3.53;1.589;-4.56;-5.967;41.49;3.222;37.37;3.561;3;40162.4;4.579;2.04;288.4;1.693;0;0;0;0
GB;2006;21;21;21;0;0;-2.91;17.564;-4.36;4.514;42.45;2.307;37.87;1.327;2.66;42722.49;6.374;2.35;331.85;15.066;0;0;0;0
GB;2007;21;21;21;0;0;-2.99;-2.784;-4.84;-11.152;43.54;2.568;38.24;0.977;2.59;48700.8;13.993;2.31;360.22;8.548;0;0;0;0
GB;2008;21;21;21;0;0;-5.03;-68.004;-5.93;-22.461;51.74;18.853;45.68;19.462;-0.47;45402.36;-6.773;3.6;321.17;-10.839;0;0;0;0
GB;2009;21;21;21;0;0;-10.72;-113.274;-9.03;-52.293;65.66;26.896;58.71;28.527;-4.19;37484.79;-17.439;2.18;387.65;20.7;0;0;0;0
GB;2010;21;21;21;0;0;-9.64;10.012;-7.57;16.228;76.56;16.597;69.23;17.911;1.54;38594.96;2.962;3.3;379.03;-2.224;0;0;0;0
GB;2011;21;21;21;0;0;-7.66;20.583;-6.03;20.375;81.77;6.801;73.33;5.928;1.97;41026.2;6.299;4.46;367.88;-2.942;0;0;0;0
GB;2012;21;21;21;0;0;-7.74;-1.005;-6.04;-0.282;85.32;4.344;76.63;4.499;1.18;41431.66;0.988;2.8;369.55;0.453;0;0;0;0
GR;1995;12;12;12;0;0;-10.94;-16.403;-5.63;28.934;93.35;0.707;0;0;2.1;13000.03;17.015;8.82;0;0;0;0;0;0
GR;1996;12;12;12;0;0;-9.1;16.86;-5.24;6.824;94.91;1.671;0;0;2.86;13776.95;5.976;7.87;0;0;0;0;0;0
GR;1997;12;13;12.5;1;1;-6.67;26.676;-4.73;9.842;91.7;-3.387;0;0;4.48;13485.69;-2.114;5.44;0;0;0;0;0;0
GR;1998;13;13;13;0;0;-6.46;3.193;-2.7;42.839;89.35;-2.557;0;0;3.9;13526.76;0.305;4.52;0;0;0;0;0;0
GR;2000;15;15;15;0;0;-4.11;32.129;-2.01;-28.371;99.81;12.604;0;0;3.92;12268.13;-11.53;2.9;0;0;0;0;0;0
GR;2001;16;16;16;0;0;-5.47;-32.896;-3.03;-50.821;99.79;-0.019;0;0;4.13;12579.24;2.536;3.64;0;0;0;0;0;0
GR;2002;16;16;16;0;0;-6.02;-10.209;-3.43;-13.168;97.4;-2.389;0;0;3.92;14178.16;12.711;3.92;0;0;0;0;0;0
GR;2003;17;17;17;0;0;-7.83;-29.997;-5.92;-72.499;93.92;-3.576;0;0;5.8;18533.8;30.721;3.45;101.84;0;0;0;0;0
GR;2004;16;16;16;0;0;-8.83;-12.731;-8.14;-37.549;94.55;0.671;0;0;5.06;22014.61;18.781;3.02;106.79;4.863;0;0;0;0
GR;2005;16;16;16;0;0;-6.19;29.905;-6.48;20.317;98.08;3.737;0;0;0.6;22626.14;2.778;3.49;106.18;-0.571;0;0;0;0
GR;2006;16;16;16;0;0;-5.95;3.911;-8.37;-29.138;102.91;4.923;0;0;5.65;24858.26;9.865;3.31;123.19;16.02;0;0;0;0
GR;2007;16;16;16;0;0;-6.71;-12.799;-10.43;-24.57;102.84;-0.071;0;0;3.27;28899.95;16.259;2.99;146.51;18.927;0;0;0;0
GR;2008;16;16;16;0;0;-10.17;-51.603;-13.85;-32.793;108.8;5.797;0;0;-0.34;32198.01;11.412;4.23;147;0.334;0;0;0;0
GR;2009;14;14;14;0;0;-15.15;-49.007;-18.61;-34.371;126.17;15.96;0;0;-4.3;29819.23;-7.388;1.35;182.77;24.337;0;0;0;0
GR;2010;11;13;12;1;2;-11.21;26.031;-12.13;34.827;145.78;15.549;0;0;-5.48;26972.87;-9.545;4.7;185.68;1.591;0;0;0;0
HR;1997;12;12;12;0;0;-2.29;0;0;0;0;0;;0;5.36;4423.63;0;3.71;0;0;1;1;1;1
HR;1998;12;12;12;0;0;-3.43;-50.087;0;0;25.42;0;;0;2.52;4788.04;8.238;6.71;0;0;0;1;1;1
HR;2001;12;12;12;0;0;-5.7;-3.673;0;0;34.6;4.176;;0;3.44;5406.09;8.776;3.76;0;0;0;0;1;1
HR;2002;12;12;12;0;0;-3.54;37.899;-3.01;0;36.32;4.983;;0;5.25;6249.63;15.604;1.68;0;0;0;0;0;1
HR;2003;12;12;12;0;0;-4.49;-26.913;-4.26;-41.595;37.5;3.246;;0;5.56;8063.93;29.03;1.77;74.88;0;0;0;0;1
HR;2010;12;12;12;0;0;-5.92;-2.547;-5.1;4.276;56.98;18.653;;0;-1.7;13498.44;-4.62;1.05;108.06;-0.172;0;0;0;0
HR;2011;12;12;12;0;0;-7.78;-31.43;-6.97;-36.501;63.71;11.811;;0;-0.28;14531.16;7.651;2.26;99.16;-8.241;0;0;0;0
HU;1996;12;12;12;0;0;-4.38;49.294;;0;71.56;-15.267;0;0;0.04;4503.91;0.747;23.43;0;0;0;0;0;0
HU;1997;12;13;12.5;1;1;-5.55;-26.528;;0;62.12;-13.2;0;0;3.43;4575.35;1.586;18.31;0;0;0;0;0;0
HU;1998;13;13;13;0;0;-7.47;-34.721;;0;60.04;-3.347;0;0;4.21;4729.11;3.36;14.18;0;0;0;0;0;0
HU;1999;13;14;13.5;1;1;-5.14;31.192;;0;59.88;-0.263;0;0;3.24;4782.31;1.125;10.03;0;0;0;0;0;0
HU;2000;15;15;15;0;0;-3.04;40.976;;0;55.14;-7.911;0;0;4.23;4614.55;-3.508;9.78;0;0;0;0;0;0
HU;2001;15;15;15;0;0;-4.06;-33.806;;0;51.74;-6.164;0;0;3.85;5260.44;13.997;9.16;0;0;0;0;0;0
HU;2002;15;15;15;0;0;-8.85;-117.976;;0;54.99;6.283;0;0;4.48;6635.53;26.14;5.26;0;0;0;0;0;0
HU;2003;15;15;15;0;0;-7.14;19.295;;0;57.6;4.742;0;0;3.84;8380.84;26.303;4.65;71.52;0;0;0;0;0
HU;2004;15;15;15;0;0;-6.35;11.072;;0;58.52;1.592;0;0;4.94;10244.25;22.234;6.78;83.31;16.487;0;0;0;0
HU;2006;14;14;14;0;0;-9.33;-19.325;;0;64.67;6.924;62.12;6.484;3.81;11385.7;2.17;3.88;121.75;52.222;0;0;0;0
HU;2007;14;14;14;0;0;-5.06;45.723;;0;65.62;1.457;63.13;1.621;0.43;13816.79;21.352;7.94;136.52;12.135;0;0;0;0
HU;2008;13;13;13;0;0;-3.64;28.14;;0;71.65;9.191;63.65;0.817;0.84;15639.11;13.189;6.07;151.7;11.113;0;0;0;0
HU;2009;12;13;12.5;1;1;-4.59;-26.106;;0;77.96;8.808;72.22;13.465;-6.56;12937.3;-17.276;4.21;195.99;29.2;0;0;0;0
HU;2010;12;12;12;0;0;-4.52;1.416;;0;80.58;3.366;75.23;4.168;0.74;12991.14;0.416;4.88;169.27;-13.633;1;1;1;1
IN;2007;12;12;12;0;0;-4.41;28.539;-4.91;22.569;74.03;-3.996;;0;9.8;1080.89;28.689;5.93;16.54;-2.344;0;0;0;0
IN;2008;12;12;12;0;0;-9.96;-126.027;-9.55;-94.7;74.54;0.688;;0;3.89;1053.44;-2.54;9.2;18.66;12.822;0;0;0;0
IN;2009;12;12;12;0;0;-9.75;2.108;-9.54;0.147;72.53;-2.695;;0;8.48;1159.06;10.026;10.61;18.88;1.179;0;0;0;0
IN;2010;12;12;12;0;0;-8.4;13.834;-8.81;7.601;67.46;-6.989;;0;10.26;1429.6;23.341;9.5;17.25;-8.637;0;0;0;0
IN;2011;12;12;12;0;0;-8.21;2.273;-8.48;3.733;68.84;2.055;;0;6.64;1497.4;4.743;9.54;18.72;8.48;0;0;0;0
IN;2012;12;12;12;0;0;-7.47;9.085;-7.41;12.624;67.7;-1.657;;0;5.62;1471.43;-1.735;9.94;21.91;17.045;0;0;0;0
IN;2013;12;12;12;0;0;-7.69;-2.947;-7.56;-1.996;66.24;-2.168;;0;6.64;1479.5;0.548;9.44;23.35;6.615;0;0;0;0
IN;2014;12;12;12;0;0;-7.03;8.562;-6.94;8.16;66.35;0.18;;0;7.24;1600.85;8.203;5.93;22.95;-1.726;0;0;0;0
IN;2015;12;12;12;0;0;-7.17;-2.092;-7.11;-2.319;67.2;1.276;;0;7.34;1617.31;1.028;4.93;23.43;2.083;0;0;0;0
IE;1994;18;20;19;1;2;0;0;0;0;0;0;0;0;5.89;15545.86;9.429;2.37;0;0;0;0;0;0
IE;1995;19;20;19.5;1;1;-2.09;0;0;0;78.55;0;0;0;9.59;19222.12;23.648;2.52;0;0;0;0;0;0
IE;1996;19;20;19.5;1;1;-0.27;86.836;0;0;69.88;-11.038;0;0;9.27;20918.14;8.823;2.17;0;0;0;0;0;0
IE;1997;19;20;19.5;1;1;1.38;600.364;0;0;61.61;-11.836;0;0;11.18;22604.28;8.061;1.25;0;0;0;0;0;0
IE;1998;20;21;20.5;1;1;2.01;46.076;0;0;52.98;-14;0;0;8.91;24326.32;7.618;2.14;0;0;0;0;0;0
IE;1999;20;21;20.5;1;1;2.4;19.303;4.36;0;46.65;-11.949;0;0;10.76;26375.98;8.426;2.45;0;0;0;0;0;0
IE;2000;20;21;20.5;1;1;4.79;99.75;3.32;-23.875;36.08;-22.666;25.35;0;10.23;26350.31;-0.097;5.28;0;0;0;0;0;0
IE;2001;21;21;21;0;0;0.93;-80.585;-1.26;-137.937;33.25;-7.85;20.96;-17.305;5.83;28356.9;7.615;3.99;0;0;0;0;0;0
IE;2002;21;21;21;0;0;-0.33;-135.914;-1.07;15.024;30.56;-8.091;22.52;7.467;5.94;32676.98;15.235;4.7;0;0;0;0;0;0
IE;2003;21;21;21;0;0;0.42;225.449;-1.09;-2.058;29.88;-2.219;21.79;-3.268;3.84;41348.46;26.537;4.02;519.44;0;0;0;0;0
IE;2004;21;21;21;0;0;1.38;229.356;-2.56;-134.555;28.21;-5.586;19.34;-11.258;4.41;47951.52;15.969;2.3;628.77;21.048;0;0;0;0
IE;2005;21;21;21;0;0;1.57;13.841;-3.91;-52.833;26.11;-7.444;17.54;-9.304;6.33;51140.07;6.65;2.18;728.11;15.8;0;0;0;0
IE;2006;21;21;21;0;0;2.79;77.721;-5.31;-35.771;23.63;-9.506;14.32;-18.351;6.31;54807.09;7.171;2.68;862.5;18.456;0;0;0;0
IE;2007;21;21;21;0;0;0.23;-91.762;-9.59;-80.527;23.93;1.266;14.2;-0.817;5.54;61634.78;12.458;2.88;967.52;12.177;0;0;0;0
IE;2008;21;21;21;0;0;-7.01;-3147.391;-12.54;-30.795;42.45;77.401;22.47;58.207;-2.16;61252.55;-0.62;3.12;985.11;1.818;0;0;0;0
IE;2011;14;14;14;0;0;-12.41;61.427;-6.16;26.09;109.3;25.925;77.59;16.443;2.59;52853.58;9.395;1.21;1124.05;-9.009;0;0;0;0
IE;2012;14;14;14;0;0;-7.95;35.949;-4.95;19.607;120.24;10.007;86.67;11.703;0.15;48992.92;-7.304;1.9;1181.45;5.107;0;0;0;0
IE;2013;14;14;14;0;0;-5.55;30.138;-3.06;38.169;120;-0.203;89.66;3.458;1.43;51873.46;5.88;0.53;1021.67;-13.524;0;0;0;0
IS;2000;18;18;18;0;0;1.23;50.305;1.22;19.085;37.56;-3.959;34.75;-4.165;4.72;31982.17;-1.235;5.12;0;0;0;0;0;0
IS;2001;18;18;18;0;0;-0.98;-179.092;-1.47;-220.114;42.81;13.976;39.91;14.868;3.76;28672.17;-10.35;6.4;0;0;0;0;0;0
IS;2002;18;18;18;0;0;-2.81;-187.705;-1.71;-16.338;39.65;-7.382;37.08;-7.086;0.45;31969.88;11.501;5.17;0;0;0;0;0;0
IS;2003;18;18;18;0;0;-3.13;-11.467;-1.58;7.665;38.45;-3.014;35.76;-3.565;2.74;39161.32;22.494;2.07;148.94;0;0;0;0;0
IS;2004;18;18;18;0;0;-0.33;89.585;-1.04;34.157;33.04;-14.062;29.8;-16.675;8.22;47182.84;20.483;3.15;207.73;39.475;0;0;0;0
IS;2005;18;18;18;0;0;4.46;1469.018;2.55;345.236;24.57;-25.645;18.72;-37.167;5.96;57052.81;20.919;4;288.93;39.089;0;0;0;0
IS;2006;17;18;17.5;1;1;5.87;31.436;4.34;70.33;29.3;19.251;20.43;9.101;4.21;56825.01;-0.399;6.68;451.99;56.432;0;0;0;0
IS;2007;17;17;17;0;0;4.92;-16.161;2.87;-33.94;27.34;-6.706;17.56;-14.035;9.49;69209.5;21.794;5.06;590.86;30.724;0;0;0;0
IS;2008;12;13;12.5;1;1;-13.13;-366.877;-4.46;-255.563;67.56;147.152;53.34;203.759;1.48;55571.91;-19.705;12.68;876.65;48.37;0;0;0;0
IS;2009;12;12;12;0;0;-9.7;26.072;-10.04;-125.135;82.87;22.66;66.26;24.216;-4.68;40252.22;-27.567;12;1158.55;32.156;0;0;0;0
IS;2012;12;12;12;0;0;-3.74;33.089;-2.42;42.603;92.61;-2.641;63.85;3.486;1.25;44459.64;-3.458;5.19;795.84;-8.063;0;0;0;0
IS;2013;13;13;13;0;0;-1.84;50.709;-1.77;26.976;84.81;-8.424;62.24;-2.515;4.39;48040.03;8.053;3.87;714.42;-10.231;0;0;0;0
IS;2014;13;13;13;0;0;-0.06;96.69;-1.52;13.654;82.51;-2.715;55.89;-10.203;1.95;52688.85;9.677;2.04;584.47;-18.19;0;0;0;0
IS;2015;14;14;14;0;0;0.73;1303.279;-1.59;-4.593;67.59;-18.08;49.2;-11.978;3.96;50854.58;-3.481;1.63;180.1;-69.185;0;0;0;0
IL;1995;15;15;15;0;0;0;0;0;0;0;0;0;0;9.65;18039.45;0;10.04;0;0;0;0;0;0
IL;1996;15;15;15;0;0;0;0;0;0;0;0;0;0;6.16;19320.52;7.102;11.28;0;0;0;0;0;0
IL;1997;15;15;15;0;0;0;0;0;0;0;0;0;0;4.08;19669.41;1.806;9;0;0;0;0;0;0
IL;1998;15;15;15;0;0;0;0;0;0;0;0;0;0;4.25;19412.26;-1.307;5.44;0;0;0;0;0;0
IL;1999;15;15;15;0;0;0;0;0;0;0;0;0;0;3.74;19160.41;-1.297;5.19;0;0;0;0;0;0
IL;2000;15;15;15;0;0;-3.25;0;-5.77;0;79.55;0;68;0;8.94;21062.4;9.927;1.13;0;0;0;0;0;0
IL;2001;15;15;15;0;0;-5.5;-69.108;-6.39;-10.601;83.67;5.184;72.8;7.059;0.24;20314.88;-3.549;1.12;0;0;0;0;0;0
IL;2002;15;15;15;0;0;-6.88;-25.146;-5.95;6.875;90.18;7.787;80.1;10.027;-0.07;18440.7;-9.226;5.69;0;0;0;0;0;0
IL;2003;15;15;15;0;0;-7.07;-2.835;-5;15.977;92.93;3.04;82.9;3.496;1.18;18954.44;2.786;0.67;61.41;0;0;0;0;0
IL;2004;15;15;15;0;0;-5;29.295;-3.64;27.062;91.28;-1.775;82.9;0;5.11;19896.6;4.971;-0.41;59.86;-2.529;0;0;0;0
IL;2005;15;15;15;0;0;-4.01;19.736;-2.93;19.594;87.92;-3.675;79.6;-3.981;4.39;20620.75;3.64;1.33;56;-6.447;0;0;0;0
IL;2006;15;15;15;0;0;-1.71;57.374;-1.4;52.218;79.77;-9.272;71.8;-9.799;5.8;21911.32;6.259;2.11;57.7;3.023;0;0;0;0
IL;2008;16;16;16;0;0;-2.64;-337.025;-2.84;-143.986;71.59;-1.546;65;-1.216;3.06;29666.47;18.56;4.59;41.42;-18.883;0;0;0;0
IL;2009;16;16;16;0;0;-5.58;-110.93;-4.73;-66.408;74.32;3.815;66.7;2.615;1.27;27808.81;-6.262;3.32;45.74;10.42;0;0;0;0
IL;2010;16;16;16;0;0;-3.94;29.371;-3.73;21.075;70.56;-5.063;64.5;-3.298;5.52;30747.8;10.569;2.69;46.26;1.15;0;0;0;0
IT;1994;19;19;19;0;0;-8.79;9.451;-7.97;9.047;117.87;5.418;110.77;5.153;2.15;19186.32;3.097;4.16;0;0;0;0;0;0
IT;2002;19;19;19;0;0;-3.07;9.431;-4.04;1.821;101.92;-2.68;86.59;-3.297;0.25;22303.02;9.205;2.61;0;0;0;0;0;0
IT;2003;19;19;19;0;0;-3.41;-11.097;-4.52;-11.795;100.49;-1.411;85.55;-1.206;0.15;27527.38;23.424;2.81;93.02;0;0;0;0;0
IT;2004;18;19;18.5;1;1;-3.57;-4.482;-4.62;-2.234;100.09;-0.394;85.23;-0.375;1.58;31319.73;13.777;2.26;91.84;-1.264;0;0;0;0
IT;2005;18;19;18.5;1;1;-4.17;-16.989;-4.61;0.346;101.94;1.849;86;0.909;0.95;32066.38;2.384;2.21;90.36;-1.607;0;0;0;0
IT;2006;17;18;17.5;1;1;-3.59;14.019;-3.95;14.242;102.56;0.605;86.39;0.448;2.01;33486.01;4.427;2.23;108.15;19.68;0;0;0;0
IT;2007;17;18;17.5;1;1;-1.53;57.469;-3.08;22.025;99.78;-2.712;84.14;-2.6;1.47;37890.2;13.152;2.03;115.66;6.945;0;0;0;0
IT;2008;17;18;17.5;1;1;-2.69;-76.409;-3.83;-24.221;102.39;2.62;86.24;2.49;-1.05;40953.86;8.086;3.49;100.12;-13.435;0;0;0;0
IT;2009;17;18;17.5;1;1;-5.27;-95.765;-4.23;-10.455;112.52;9.893;94.22;9.259;-5.48;37130.15;-9.337;0.77;117.84;17.699;0;0;0;0
IT;2010;17;18;17.5;1;1;-4.25;19.45;-3.75;11.358;115.38;2.541;98.34;4.366;1.69;35969.19;-3.127;1.62;115.8;-1.728;0;0;0;0
IT;2011;16;17;16.5;1;1;-3.48;18.068;-3.89;-3.951;116.5;0.972;100.39;2.092;0.58;38379.31;6.701;2.94;104.48;-9.777;0;0;0;0
IT;2012;14;15;14.5;1;1;-2.94;15.411;-1.55;60.144;123.28;5.824;104.87;4.46;-2.82;34918.76;-9.017;3.32;122.74;17.472;0;0;0;0
IT;2013;13;14;13.5;1;1;-2.92;0.85;-0.57;63.209;128.93;4.583;109.72;4.624;-1.75;35703.92;2.249;1.25;123.87;0.923;0;0;0;0
IT;2014;12;14;13;1;2;-3.03;-3.771;-1.03;-80.911;132.52;2.779;112.59;2.613;-0.34;35239.28;-1.301;0.23;114.76;-7.354;0;0;0;0
IT;2015;12;14;13;1;2;-2.63;12.983;-0.84;18.393;132.6;0.064;111.44;-1.02;0.76;29866.58;-15.246;0.11;125.15;9.054;0;0;0;0
JP;1994;21;21;21;0;0;-3.87;0;-3.5;0;86.22;0;18.83;0;0.86;38771;0;0.69;0;0;0;0;0;0
JP;1995;21;21;21;0;0;-4.74;-22.489;-4.63;-32.248;95.07;10.267;22.87;21.486;1.94;42536.17;9.711;-0.13;0;0;0;0;0;0
JP;1996;21;21;21;0;0;-4.9;-3.373;-5.15;-11.296;102.29;7.599;28.15;23.069;2.61;37438.88;-11.983;0.13;0;0;0;0;0;0
JP;1997;21;21;21;0;0;-3.79;22.798;-4.12;19.969;109.1;6.657;34.06;21.018;1.6;34324.33;-8.319;1.76;0;0;0;0;0;0
JP;2001;19;19;19;0;0;-6.04;22.703;-5.81;21.6;153.64;6.856;65.51;11.324;0.36;32729.95;-12.255;-0.8;0;0;0;0;0;0
JP;2002;18;19;18.5;1;1;-7.71;-27.583;-7.28;-25.331;163.99;6.741;74.5;13.719;0.29;31247.15;-4.53;-0.9;0;0;0;0;0;0
JP;2003;18;19;18.5;1;1;-7.79;-1.051;-7.48;-2.732;169.57;3.403;77.56;4.11;1.69;33726.03;7.933;-0.25;30.96;0;0;0;0;0
JP;2004;18;19;18.5;1;1;-5.95;23.642;-5.88;21.371;180.66;6.537;82.41;6.249;2.36;36453.8;8.088;-0.01;32.83;6.036;0;0;0;0
JP;2005;18;19;18.5;1;1;-4.81;19.038;-4.72;19.718;186.44;3.199;82.15;-0.306;1.3;35791.33;-1.817;-0.27;32.51;-0.975;0;0;0;0
JP;2006;18;19;18.5;1;1;-3.65;24.159;-3.65;22.74;186;-0.235;81.03;-1.371;1.69;34105.46;-4.71;0.24;33.76;3.842;0;0;0;0
JP;2007;19;19;19;0;0;-2.09;42.81;-2.28;37.654;183.01;-1.605;80.49;-0.666;2.19;34098.58;-0.02;0.06;39.25;16.267;0;0;0;0
JP;2008;19;19;19;0;0;-4.11;-96.839;-3.59;-57.89;191.81;4.808;95.28;18.379;-1.04;37975.54;11.37;1.38;44.51;13.39;0;0;0;0
JP;2009;19;19;19;0;0;-10.39;-152.871;-7.49;-108.575;210.25;9.611;106.19;11.452;-5.53;39475.64;3.95;-1.34;40.32;-9.416;0;0;0;0
JP;2010;19;19;19;0;0;-9.3;10.546;-7.94;-5.953;215.82;2.651;113.06;6.462;4.71;43095.33;9.169;-0.72;45.87;13.773;0;0;0;0
JP;2011;18;19;18.5;1;1;-9.81;-5.561;-8.47;-6.652;231.63;7.325;127.18;12.492;-0.45;46225.06;7.262;-0.29;51.16;11.521;0;0;0;0
KZ;2004;12;12;12;0;0;2.58;-35.511;2.81;-16.587;11.39;-23.86;0.03;-99.218;9.6;2862.5;38.802;6.89;82.49;3.339;0;0;1;1
KZ;2005;12;13;12.5;1;1;5.95;131.005;5.74;104.526;8.1;-28.906;-6.13;-21989.286;9.7;3753.44;31.124;7.54;84.74;2.725;0;0;1;1
KZ;2006;13;13;13;0;0;7.65;28.557;6.59;14.898;6.67;-17.681;-10.86;-77.109;10.7;5261.81;40.186;8.58;104.02;22.761;0;0;1;1
KZ;2007;12;13;12.5;1;1;5.14;-32.902;3.49;-47.058;5.87;-11.894;-13.79;-27.057;8.9;6736;28.017;10.78;104.72;0.672;0;0;0;1
KZ;2008;12;12;12;0;0;1.23;-76.105;0.6;-82.842;6.77;15.186;-13.91;-0.877;3.3;8457.34;25.554;17.15;93.53;-10.688;0;0;0;1
KZ;2009;12;12;12;0;0;-1.33;-208.231;-0.73;-222.371;10.23;51.153;-11.04;20.621;1.2;7118.57;-15.83;7.3;106.86;14.255;0;0;0;1
KZ;2012;14;14;14;0;0;4.53;-23.925;4.08;-27.367;12.39;19.062;-16.29;-25.179;5;12033.96;6.703;5.12;72.16;0.224;0;0;0;0
KZ;2013;14;14;14;0;0;5.05;11.462;4.24;3.748;12.86;3.785;-17.97;-10.275;6;13508.67;12.255;5.83;68.46;-5.137;0;0;0;0
KZ;2014;14;14;14;0;0;1.81;-64.058;1.43;-66.352;14.73;14.548;-19.48;-8.416;4.3;12505.67;-7.425;6.72;76.96;12.424;0;0;0;0
KZ;2015;13;14;13.5;1;1;-5.34;-394.212;-5.96;-518.105;23.29;58.118;-32.84;-68.606;1.16;9795.63;-21.67;6.45;88.78;15.358;0;0;0;0
KR;1996;18;18;18;0;0;2.43;0;2.3;0;8.24;0;0;0;7.6;13137.11;0;4.93;0;0;0;0;0;0
KR;1999;13;13;13;0;0;1.22;5.095;1.61;-36.371;16.75;14.181;0;0;11.31;10409.51;28.781;0.81;0;0;0;0;0;0
KR;2000;13;14;13.5;1;1;4.15;241.331;4.41;173.156;17.11;2.185;0;0;8.92;11946.77;14.768;2.26;0;0;0;0;0;0
KR;2001;14;14;14;0;0;2.58;-37.963;2.82;-36.087;17.7;3.436;0;0;4.53;11258.82;-5.759;4.07;0;0;0;0;0;0
KR;2002;15;16;15.5;1;1;3.45;33.721;3.31;17.614;17.55;-0.853;0;0;7.43;12788.52;13.587;2.76;0;0;0;0;0;0
KR;2003;15;16;15.5;1;1;1.62;-53.134;1.69;-49.034;20.45;16.512;20.25;0;2.93;14220.45;11.197;3.52;20.41;0;0;0;0;0
KR;2004;15;16;15.5;1;1;0.09;-94.241;0.03;-98.519;23.25;13.702;22.55;11.333;4.9;15922.18;11.967;3.59;19.43;-4.798;0;0;0;0
KR;2005;16;17;16.5;1;1;0.86;820.43;0.91;3536;26.96;15.948;25.47;12.987;3.92;18657.52;17.179;2.75;18.17;-6.445;0;0;0;0
KR;2006;16;17;16.5;1;1;1.08;25.584;0.94;2.86;29.27;8.58;27.55;8.161;5.18;20922.13;12.138;2.24;22.74;25.124;0;0;0;0
KR;2007;16;17;16.5;1;1;2.17;101.581;1.77;89.305;28.65;-2.121;26.79;-2.769;5.46;23101.51;10.417;2.54;30.26;33.074;0;0;0;0
KR;2008;16;17;16.5;1;1;1.52;-29.719;1.29;-27.006;28.16;-1.707;26.88;0.328;2.83;20474.89;-11.37;4.67;31.53;4.184;0;0;0;0
KR;2009;16;17;16.5;1;1;0.02;-98.818;1.21;-6.734;31.38;11.427;29.63;10.224;0.71;18338.71;-10.433;2.76;38.3;21.477;0;0;0;0
KR;2010;16;17;16.5;1;1;1.53;8416.667;1.4;15.934;30.83;-1.769;28.9;-2.464;6.5;22151.21;20.789;2.94;32.49;-15.176;0;0;0;0
KR;2011;16;17;16.5;1;1;1.69;10.307;1.48;6.084;31.51;2.225;29.45;1.903;3.68;24155.83;9.05;4.03;33.09;1.85;0;0;0;0
KR;2012;17;18;17.5;1;1;1.56;-7.865;1.55;4.791;32.13;1.955;30.01;1.926;2.29;24453.97;1.234;2.19;33.11;0.082;0;0;0;0
KR;2013;17;18;17.5;1;1;0.65;-58.344;0.78;-50.097;33.76;5.074;31.57;5.181;2.9;25997.88;6.314;1.3;32.21;-2.718;0;0;0;0
KR;2014;17;18;17.5;1;1;0.42;-35.593;0.59;-24.258;35.12;4.035;33;4.536;3.31;27970.49;7.588;1.28;29.98;-6.929;0;0;0;0
KR;2015;18;18;18;0;0;-0.18;-143.541;0.09;-84.668;35.94;2.346;33.92;2.794;2.59;27195.2;-2.772;0.71;28.57;-4.696;0;0;0;0
KW;1997;16;16;16;0;0;17.17;0;;0;59.2;0;;0;2.49;13740.68;0;0.81;0;0;0;0;0;1
KW;1998;16;16;16;0;0;6.88;-59.927;;0;59.5;0.507;;0;3.65;11424.92;-16.853;0.6;0;0;0;0;0;1
KW;1999;16;16;16;0;0;15.15;120.294;;0;50.82;-14.58;;0;-1.79;13358.13;16.921;3.08;0;0;0;0;0;1
KW;2000;16;16;16;0;0;31.61;108.618;;0;35.43;-30.289;;0;4.69;17012.78;27.359;1.57;0;0;0;0;0;1
KW;2001;16;16;16;0;0;28.67;-9.309;;0;36.43;2.825;;0;0.21;15108.11;-11.195;1.45;0;0;0;0;0;1
KW;2002;17;18;17.5;1;1;19.34;-32.563;;0;32.33;-11.246;;0;3.01;15759.07;4.309;0.8;0;0;0;0;0;0
KW;2003;17;18;17.5;1;1;17.31;-10.478;;0;24.62;-23.87;;0;17.34;18786.75;19.212;0.99;0;0;0;0;0;0
KW;2004;17;18;17.5;1;1;22.21;28.326;;0;18.62;-24.371;;0;10.76;21585.56;14.898;1.26;0;0;0;0;0;0
KW;2005;17;18;17.5;1;1;43.3;94.953;;0;14.14;-24.06;;0;10.08;27014.77;25.152;4.12;0;0;0;0;0;0
KW;2006;17;18;17.5;1;1;31.9;-26.345;;0;10.57;-25.232;;0;7.52;31907.2;18.11;3.09;0;0;0;0;0;0
KW;2007;18;18;18;0;0;37.41;17.294;;0;11.83;11.939;;0;5.99;33732.52;5.721;5.47;0;0;0;0;0;0
KW;2008;18;19;18.5;1;1;20.17;-46.099;;0;9.57;-19.118;;0;2.48;42827.13;26.961;6.3;0;0;0;0;0;0
KW;2009;18;19;18.5;1;1;27.2;34.897;;0;11.05;15.423;;0;-7.08;30414.74;-28.983;4.61;0;0;0;0;0;0
KW;2010;18;19;18.5;1;1;25.95;-4.595;;0;11.34;2.662;;0;-2.37;32216.41;5.924;4.5;0;0;0;0;0;0
KW;2011;19;19;19;0;0;33.06;27.381;;0;8.55;-24.621;;0;10.61;41830.52;29.842;4.91;0;0;0;0;0;0
KW;2012;19;19;19;0;0;33.27;0.65;;0;6.79;-20.578;;0;7.67;45992.9;9.951;3.2;0;0;0;0;0;0
KW;2013;19;19;19;0;0;34;2.188;;0;6.44;-5.185;;0;1.04;45202.08;-1.719;2.7;0;0;0;0;0;0
KW;2014;19;19;19;0;0;26.59;-21.808;;0;7.08;10.02;;0;0.03;43005.43;-4.86;2.94;0;0;0;0;0;0
KW;2015;19;19;19;0;0;1.24;-95.336;;0;10.59;49.548;;0;0.9;29363.03;-31.723;3.4;0;0;0;0;0;0
LU;1994;21;21;21;0;0;0;0;0;0;0;0;;0;3.82;43717.45;0;2.2;0;0;0;0;0;0
LU;1995;21;21;21;0;0;2.53;0;1.47;0;8.08;0;;0;1.43;51189.75;17.092;1.9;0;0;0;0;0;0
LU;1996;21;21;21;0;0;1.31;-48.358;2.06;40.123;7.95;-1.621;;0;1.52;50187.16;-1.959;1.16;0;0;0;0;0;0
LU;1997;21;21;21;0;0;3.72;185.057;4.55;121.05;7.91;-0.528;;0;5.94;44622.61;-11.088;1.37;0;0;0;0;0;0
LU;1998;21;21;21;0;0;3.54;-4.866;4.29;-5.63;7.57;-4.262;;0;6.49;46066.65;3.236;0.97;0;0;0;0;0;0
LU;1999;21;21;21;0;0;3.59;1.554;3.48;-18.807;6.7;-11.493;;0;8.42;49801.62;8.108;1.02;0;0;0;0;0;0
LU;2000;21;21;21;0;0;5.69;58.236;5.34;53.243;6.08;-9.269;;0;8.44;49442.19;-0.722;3.78;0;0;0;0;0;0
LU;2001;21;21;21;0;0;5.95;4.589;5.97;11.781;6.58;8.241;;0;2.15;47941.22;-3.036;2.4;0;0;0;0;0;0
LU;2002;21;21;21;0;0;2.28;-61.685;2.16;-63.857;6.53;-0.821;;0;3.62;52676.92;9.878;2.06;0;0;0;0;0;0
LU;2003;21;21;21;0;0;0.55;-76.042;1.25;-41.91;6.38;-2.176;;0;1.4;65274.96;23.916;2.53;4034.19;0;0;0;0;0
LU;2004;21;21;21;0;0;-1.06;-294.872;-0.63;-150.599;6.47;1.378;;0;4.41;75589.7;15.802;3.24;3796.69;-5.887;0;0;0;0
LU;2005;21;21;21;0;0;0.16;115.32;0.81;228.391;6.34;-2.07;;0;3.22;80308.16;6.242;3.76;4051.81;6.719;0;0;0;0
LU;2006;21;21;21;0;0;1.39;753.374;1.39;71.007;7;10.413;;0;5.11;89427.28;11.355;2.96;5634.37;39.058;0;0;0;0
LU;2007;21;21;21;0;0;4.13;196.621;2.11;51.509;7;0.043;;0;8.4;105823.32;18.334;2.66;5340.34;-5.218;0;0;0;0
LU;2008;21;21;21;0;0;3.26;-20.892;2.22;5.263;14.4;105.628;;0;-0.84;114523;8.221;4.09;5266.78;-1.378;0;0;0;0
LU;2009;21;21;21;0;0;-0.54;-116.422;1.27;-42.793;15.4;6.988;;0;-5.38;102359.18;-10.621;0.01;6479.01;23.017;0;0;0;0
LU;2010;21;21;21;0;0;-0.54;-0.56;-0.54;-142.835;19.56;27.003;;0;5.68;104452.27;2.045;2.8;4920.35;-24.057;0;0;0;0
LU;2011;21;21;21;0;0;0.48;188.868;0.12;122.61;19.12;-2.265;;0;2.57;114665.68;9.778;3.73;5100.74;3.666;0;0;0;0
LU;2012;21;21;21;0;0;0.16;-65.762;1.14;825.203;21.99;15.007;;0;-0.85;106720.48;-6.929;2.89;7536.71;47.757;0;0;0;0
LU;2013;21;21;21;0;0;0.69;319.512;1.03;-9.139;23.33;6.126;;0;4.35;115109.31;7.861;1.7;8700.45;15.441;0;0;0;0
LU;2014;21;21;21;0;0;1.44;108.866;1.51;45.551;22.93;-1.753;;0;4.07;118204.3;2.689;0.7;8015.66;-7.871;0;0;0;0
LU;2015;21;21;21;0;0;1.01;-29.854;0.73;-51.761;21.8;-4.929;;0;4.52;101994.09;-13.714;0.06;8938.24;11.51;0;0;0;0
MX;2002;12;12;12;0;0;-3.36;-9.39;-3.18;-2.909;43.47;5.728;38.07;6.951;0.13;7023.82;1.031;5.04;21.54;-7.729;0;0;0;0
MX;2003;12;12;12;0;0;-2.32;30.969;-1.51;52.701;44.75;2.947;35.58;-6.52;1.42;6673.16;-4.992;4.55;22.6;4.917;0;0;0;0
MX;2004;12;12;12;0;0;-1.25;46.2;-0.55;63.612;40.85;-8.72;32.84;-7.717;4.3;7115.14;6.623;4.69;21.8;-3.532;0;0;0;0
MX;2005;13;13;13;0;0;-1.23;1.124;-0.85;-54.927;39.02;-4.471;31.5;-4.066;3.03;7893.97;10.946;3.99;20.05;-8.033;0;0;0;0
MX;2006;13;13;13;0;0;-0.97;21.347;-1.06;-24.382;37.75;-3.247;29.75;-5.552;5;8680.57;9.965;3.63;18.07;-9.877;0;0;0;0
MX;2007;14;14;14;0;0;-1.15;-18.679;-1.36;-29.167;37.53;-0.577;29.07;-2.309;3.15;9222.89;6.248;3.97;18.73;3.664;0;0;0;0
MX;2008;14;14;14;0;0;-0.82;28.783;-1.48;-8.358;42.83;14.102;33.15;14.058;1.4;9578.56;3.856;5.13;17.84;-4.72;0;0;0;0
MX;2009;13;13;13;0;0;-4.96;-505.25;-3.66;-147.361;43.92;2.561;36.24;9.3;-4.7;7661.22;-20.017;5.3;21.43;20.074;0;0;0;0
MX;2010;13;13;13;0;0;-3.92;21.021;-3.55;2.79;42.23;-3.859;36.24;0.008;5.11;8861.49;15.667;4.16;23.17;8.144;0;0;0;0
MX;2011;13;13;13;0;0;-3.4;13.282;-3.93;-10.439;43.2;2.297;37.46;3.375;4.05;9730.26;9.804;3.4;24.86;7.289;0;0;0;0
MX;2012;13;13;13;0;0;-3.77;-11.163;-4.52;-15.083;43.17;-0.065;37.7;0.63;4.02;9720.59;-0.099;4.11;29.47;18.524;0;0;0;0
MX;2013;14;14;14;0;0;-3.74;0.848;-4.26;5.69;46.36;7.38;40.36;7.062;1.35;10197.45;4.906;3.8;32.67;10.884;0;0;0;0
MX;2014;14;14;14;0;0;-4.58;-22.501;-4.73;-11.103;49.51;6.804;43.16;6.945;2.25;10350.85;1.504;4.02;33.64;2.966;0;0;0;0
MX;2015;14;14;14;0;0;-4.08;11.082;-4.09;13.543;54;9.071;47.61;10.294;2.55;9009.28;-12.961;2.72;36.81;9.414;0;0;0;0
MY;1999;13;13;13;0;0;-3.05;-378.931;-2.33;-428.732;34.85;2.16;;0;6.13;3710.07;6.904;2.73;56.99;-8.261;0;0;0;0
MY;2000;13;13;13;0;0;-6.14;-101.51;-6.39;-173.608;32.88;-5.653;;0;8.67;4286.83;15.546;1.55;48.67;-14.6;0;0;0;0
MY;2001;13;13;13;0;0;-4.42;27.941;-3.59;43.721;38.51;17.104;;0;0.52;4130.38;-3.65;1.43;52.48;7.832;0;0;0;0
MY;2002;14;14;14;0;0;-4.02;9.179;-3.39;5.62;40.09;4.127;;0;5.39;4379.64;6.035;1.79;51.29;-2.269;0;0;0;0
MY;2004;15;15;15;0;0;-3.4;27.048;-3.59;16.066;42.56;1.37;;0;6.78;5171.42;10.644;1.42;51.14;5.021;0;0;0;0
MY;2005;15;15;15;0;0;-2.87;15.525;-2.92;18.752;41.36;-2.817;;0;4.98;5599.05;8.269;3.04;47.31;-7.491;0;0;0;0
MY;2006;15;15;15;0;0;-2.64;8.145;-2.96;-1.406;40.23;-2.737;;0;5.58;6264.42;11.884;3.62;44.34;-6.268;0;0;0;0
MY;2007;15;15;15;0;0;-2.61;1.175;-3.26;-10.213;39.91;-0.791;;0;6.3;7378.59;17.786;2.03;44.45;0.235;0;0;0;0
MY;2008;15;15;15;0;0;-3.45;-32.4;-3.64;-11.721;39.92;0.033;;0;4.83;8646.57;17.185;5.43;47.74;7.413;0;0;0;0
MY;2009;15;15;15;0;0;-6.52;-88.821;-5.68;-56.111;51.12;28.066;;0;-1.51;7439.44;-13.961;0.6;60.34;26.392;0;0;0;0
MY;2010;15;15;15;0;0;-4.53;30.583;-4.35;23.399;51.94;1.596;;0;7.53;8920.47;19.908;1.72;54.19;-10.192;0;0;0;0
MY;2011;15;15;15;0;0;-3.62;20.04;-3.01;30.822;52.64;1.34;;0;5.29;10252.58;14.933;3.17;49.81;-8.081;0;0;0;0
MY;2012;15;15;15;0;0;-3.76;-3.758;-3.8;-26.262;54.55;3.64;;0;5.47;10652.7;3.903;1.66;64.02;28.525;0;0;0;0
MY;2013;15;15;15;0;0;-4.05;-7.963;-3.56;6.442;55.89;2.46;;0;4.71;10808.58;1.463;2.11;67.95;6.139;0;0;0;0
MY;2014;15;15;15;0;0;-2.66;34.41;-2.34;34.205;55.57;-0.573;;0;5.99;11050;2.234;3.14;64.53;-5.035;0;0;0;0
MY;2015;15;15;15;0;0;-3.03;-13.99;-3.25;-38.915;57.41;3.295;;0;4.95;9556.77;-13.513;2.1;67.46;4.547;0;0;0;0
NL;1994;21;21;21;0;0;-3.32;0;-0.19;0;75.3;0;0;0;2.96;24307.22;0;2.12;0;0;0;0;0;0
NL;1995;21;21;21;0;0;-8.58;-158.788;-4.61;-2312.565;73.15;-2.861;33.89;0;2.56;28910.83;18.939;1.36;0;0;0;0;0;0
NL;1996;21;21;21;0;0;-1.73;79.87;1.47;131.858;71.24;-2.606;31.23;-7.826;3.56;28708.64;-0.699;1.46;0;0;0;0;0;0
NL;1997;21;21;21;0;0;-1.28;26.215;1.31;-10.559;65.58;-7.948;27.94;-10.534;4.3;26437.58;-7.911;1.86;0;0;0;0;0;0
NL;1998;21;21;21;0;0;-0.91;29.02;0.9;-31.683;62.45;-4.767;25.78;-7.737;4.53;27572.8;4.294;1.78;0;0;0;0;0;0
NL;1999;21;21;21;0;0;0.33;136.243;1.26;40.803;58.17;-6.852;19.65;-23.793;5.05;27988.59;1.508;2.03;0;0;0;0;0;0
NL;2000;21;21;21;0;0;1.88;473.171;2.33;84.244;51.35;-11.729;19.04;-3.1;4.25;25996.36;-7.118;2.34;0;0;0;0;0;0
NL;2001;21;21;21;0;0;-0.35;-118.564;-0.01;-100.516;48.68;-5.192;19.88;4.402;2.13;26607.26;2.35;5.12;0;0;0;0;0;0
NL;2002;21;21;21;0;0;-2.08;-495.415;-0.74;-6041.667;48.17;-1.052;22.09;11.139;0.1;28919.2;8.689;3.86;0;0;0;0;0;0
NL;2003;21;21;21;0;0;-3.01;-44.995;-1.15;-56.445;49.31;2.354;23.32;5.573;0.29;35313.25;22.11;2.23;399.96;0;0;0;0;0
NL;2004;21;21;21;0;0;-1.72;42.881;-0.24;78.925;49.61;0.625;24.34;4.387;2.03;40008.33;13.296;1.39;421.2;5.31;0;0;0;0
NL;2005;21;21;21;0;0;-0.25;85.415;1.07;541.564;48.94;-1.352;21.83;-10.323;2.16;41647.99;4.098;1.49;403.18;-4.278;0;0;0;0
NL;2006;21;21;21;0;0;0.22;186.853;0.67;-37.745;44.48;-9.129;20.69;-5.249;3.52;44493.25;6.832;1.65;457.44;13.459;0;0;0;0
NL;2007;21;21;21;0;0;0.22;1.835;-0.02;-102.844;42.38;-4.72;17.7;-14.426;3.7;51311.4;15.324;1.59;518.83;13.419;0;0;0;0
NL;2008;21;21;21;0;0;0.23;3.153;0.75;4031.579;54.47;28.533;16.17;-8.672;1.71;57197.22;11.471;2.21;455.18;-12.267;0;0;0;0
NL;2009;21;21;21;0;0;-5.42;-2468.559;-2.88;-485.274;56.49;3.72;20.18;24.805;-3.77;52033.16;-9.029;0.97;498.18;9.447;0;0;0;0
NL;2010;21;21;21;0;0;-4.97;8.333;-3.02;-4.899;59.01;4.448;23.33;15.613;1.4;50433.31;-3.075;0.93;499.99;0.364;0;0;0;0
NL;2011;21;21;21;0;0;-4.29;13.737;-2.78;7.983;61.66;4.496;26.78;14.786;1.66;53589.91;6.259;2.48;469.19;-6.161;0;0;0;0
NL;2012;21;21;21;0;0;-3.88;9.466;-1.84;33.909;66.43;7.739;28.32;5.752;-1.06;49501.99;-7.628;2.82;521.44;11.138;0;0;0;0
NL;2013;20;21;20.5;1;1;-2.38;38.656;-0.23;87.745;67.94;2.273;31.16;10.037;-0.49;51442.48;3.92;2.56;524.37;0.56;0;0;0;0
NL;2014;20;21;20.5;1;1;-2.36;1.05;-0.39;-72.889;68.21;0.392;32.95;5.768;1.01;52224.64;1.52;0.32;487.46;-7.038;0;0;0;0
NL;2015;21;21;21;0;0;-1.91;19.007;-0.27;31.62;67.61;-0.871;34.73;5.386;1.93;43603.12;-16.509;0.21;535.22;9.799;0;0;0;0
NO;1995;21;21;21;0;0;2.99;6268.085;-5.9;29.088;32.07;-35.356;-41.76;-32.964;4.15;34793.77;19.043;2.45;0;0;0;0;0;0
NO;1996;21;21;21;0;0;6.07;102.773;-4.42;25.127;27.84;-13.187;-46.56;-11.51;5.03;37225.39;6.989;1.25;0;0;0;0;0;0
NO;1997;21;21;21;0;0;7.43;22.36;-3.77;14.687;25.17;-9.59;-52.68;-13.131;5.29;36565.45;-1.773;2.58;0;0;0;0;0;0
NO;1998;21;21;21;0;0;3.1;-58.255;-5.46;-44.881;22.94;-8.863;-57.05;-8.304;2.62;34720.82;-5.045;2.27;0;0;0;0;0;0
NO;1999;21;21;21;0;0;5.78;86.323;-4.3;21.311;24.32;6.016;-61.42;-7.662;2.01;36285.35;4.506;2.33;0;0;0;0;0;0
NO;2000;21;21;21;0;0;15.2;163.227;-1.86;56.631;28.1;15.539;-71.3;-16.084;3.21;38067.18;4.911;3.09;0;0;0;0;0;0
NO;2001;21;21;21;0;0;13.34;-12.286;-2.02;-8.584;26.7;-4.975;-89.28;-25.217;2.09;38504.48;1.149;3.02;0;0;0;0;0;0
NO;2002;21;21;21;0;0;9.03;-32.289;-3.52;-74.061;33.49;25.437;-85.28;4.479;1.44;42975.5;11.612;1.29;0;0;0;0;0;0
NO;2003;21;21;21;0;0;7.18;-20.52;-3.97;-12.716;42.67;27.397;-98.81;-15.859;0.92;49775.55;15.823;2.48;103.19;0;0;0;0;0
NO;2004;21;21;21;0;0;10.89;51.79;-4.01;-0.907;43.47;1.884;-108.17;-9.48;3.96;57444.59;15.407;0.47;106.77;3.468;0;0;0;0
NO;2005;21;21;21;0;0;14.86;36.433;-3.74;6.663;42.01;-3.37;-123.72;-14.374;2.63;66643.39;16.013;1.52;98.62;-7.638;0;0;0;0
NO;2006;21;21;21;0;0;18.03;21.328;-3.1;17.032;52.33;24.576;-137.42;-11.068;2.4;73930.33;10.934;2.33;128.76;30.567;0;0;0;0
NO;2007;21;21;21;0;0;16.99;-5.812;-2.99;3.513;49.2;-5.983;-143.71;-4.582;2.93;84904.37;14.844;0.73;151.27;17.481;0;0;0;0
NO;2008;21;21;21;0;0;18.46;8.672;-3.15;-5.077;47.26;-3.937;-128.83;10.354;0.38;96499.7;13.657;3.77;139.27;-7.936;0;0;0;0
NO;2009;21;21;21;0;0;10.33;-44.062;-5.42;-72.409;41.97;-11.197;-158.35;-22.911;-1.62;79786.85;-17.319;2.17;156.53;12.394;0;0;0;0
NO;2010;21;21;21;0;0;10.91;5.656;-5.36;1.235;42.37;0.939;-167.62;-5.858;0.6;87309.3;9.428;2.4;150.15;-4.074;0;0;0;0
NO;2011;21;21;21;0;0;13.19;20.919;-4.52;15.68;28.88;-31.827;-162.42;3.106;0.97;100171.7;14.732;1.3;129.64;-13.662;0;0;0;0
NO;2012;21;21;21;0;0;13.54;2.676;-4.95;-9.675;30.02;3.947;-171.42;-5.544;2.75;101169.35;0.996;0.71;143.03;10.329;0;0;0;0
NO;2013;21;21;21;0;0;10.5;-22.468;-5.15;-3.936;30.31;0.943;-205.28;-19.749;1;102573.67;1.388;2.13;138.29;-3.309;0;0;0;0
NO;2014;21;21;21;0;0;8.45;-19.579;-5.9;-14.585;27.94;-7.801;-244.03;-18.88;2.22;97066.57;-5.369;2.03;128.57;-7.031;0;0;0;0
NO;2015;21;21;21;0;0;5.44;-35.583;-6.7;-13.475;27.94;0;-278.29;-14.039;1.57;74822.11;-22.917;2.17;146.86;14.227;0;0;0;0
NZ;2003;20;20;20;0;0;2.83;56.433;2.08;15.594;21.98;-6.46;18.26;-20.626;4.57;20294.65;30.602;1.75;0;0;0;0;0;0
NZ;2004;20;20;20;0;0;3.57;26.085;2.61;25.108;20.03;-8.872;12.72;-30.302;4.4;24682.24;21.619;2.32;0;0;0;0;0;0
NZ;2005;20;20;20;0;0;4.14;15.817;3.15;20.837;18.5;-7.634;7.35;-42.219;2.56;27202.88;10.212;3.04;0;0;0;0;0;0
NZ;2006;20;20;20;0;0;3.66;-11.482;2.45;-22.198;16.37;-11.524;2.7;-63.33;2.75;26065.09;-4.183;3.36;0;0;0;0;0;0
NZ;2007;20;20;20;0;0;2.75;-24.932;2.6;6.041;14.51;-11.387;-0.88;-132.789;3.94;31765.25;21.869;2.38;0;0;0;0;0;0
NZ;2008;20;20;20;0;0;0.81;-70.462;1.22;-53.002;16.89;16.422;-2.31;-161.199;-0.39;31635.75;-0.408;3.96;0;0;0;0;0;0
NZ;2009;20;20;20;0;0;-2.18;-368.473;-1.77;-244.717;21.65;28.211;-0.78;66.392;0.3;28061.92;-11.297;2.12;0;0;0;0;0;0
NZ;2010;20;20;20;0;0;-6.54;-200.138;-5.96;-237.182;26.87;24.082;2.33;399.613;2.05;33227.46;18.408;2.3;0;0;0;0;0;0
NZ;2011;19;19;19;0;0;-6.14;6.22;-5.76;3.407;31.54;17.391;6.05;160.258;1.84;37976.46;14.292;4.03;117.49;0;0;0;0;0
NZ;2012;19;19;19;0;0;-2.53;58.817;-2.34;59.305;31.95;1.31;7.62;25.863;2.84;39659.74;4.432;1.06;119.84;1.996;0;0;0;0
NZ;2013;19;19;19;0;0;-1.55;38.702;-1.25;46.798;30.8;-3.587;7.7;1.09;1.69;41541.25;4.744;1.13;105.84;-11.683;0;0;0;0
NZ;2014;19;19;19;0;0;-0.14;91.091;0.06;104.655;30.77;-0.114;7.56;-1.844;2.98;43456.51;4.611;1.23;98.38;-7.049;0;0;0;0
NZ;2015;19;19;19;0;0;0.25;283.333;0.26;355.172;30.36;-1.326;7.51;-0.662;3.4;37044.89;-14.754;0.29;101.3;2.967;0;0;0;0
PA;2010;12;12;12;0;0;-1.74;-93.778;1.46;-32.767;40.21;-2.604;35.54;-1.6;5.77;7896.91;6.902;3.49;43.6;-4.386;0;1;1;1
PA;2011;12;13;12.5;1;1;-1.88;-7.913;0.23;-84.621;37.28;-7.296;33.35;-6.167;11.81;9230.78;16.891;5.88;39.44;-9.535;0;0;1;1
PA;2012;13;13;13;0;0;-1.5;20.457;-0.01;-102.222;35.7;-4.225;32.45;-2.702;9.23;10549.09;14.282;5.7;35.72;-9.444;0;0;1;1
PA;2013;13;13;13;0;0;-2.29;-52.839;-0.7;-13820;34.96;-2.07;31.82;-1.929;6.62;11648.74;10.424;4.03;39.82;11.476;0;0;1;1
PA;2014;13;13;13;0;0;-3.17;-38.636;-1.56;-124.569;37.08;6.055;34.22;7.516;6.05;12517.55;7.458;2.63;42.16;5.897;0;0;0;1
PA;2015;13;13;13;0;0;-2.79;12.106;-0.93;40.691;38.77;4.563;36.07;5.424;5.78;13012.56;3.955;0.13;180.48;328.052;0;0;0;1
PE;2008;12;12;12;0;0;2.68;-19.887;0.97;-39.119;27.96;-12.259;13.01;-22.302;9.14;4243.59;17.194;5.79;30.77;-10.398;1;1;1;1
PE;2009;12;12;12;0;0;-1.39;-151.845;-0.21;-121.798;28.38;1.506;12.23;-5.996;1.05;4165.73;-1.835;2.94;33.15;7.712;1;1;1;1
PE;2010;12;12;12;0;0;0.12;108.843;-0.42;-99.052;25.4;-10.502;10.26;-16.077;8.45;5027.22;20.68;1.53;30.7;-7.383;1;1;1;1
PE;2011;13;13;13;0;0;2.02;1539.837;1.19;383.571;23.02;-9.365;7.15;-30.323;6.45;5685.08;13.086;3.37;28.63;-6.737;1;1;1;1
PE;2012;13;13;13;0;0;2.07;2.479;1.38;15.449;21.19;-7.987;4.54;-36.484;5.95;6325.37;11.263;3.66;30.03;4.897;0;1;1;1
PE;2013;14;14;14;0;0;0.75;-63.522;0.12;-91.418;20.33;-4.031;3.47;-23.514;5.85;6529.49;3.227;2.81;29.6;-1.425;0;0;1;1
PE;2014;14;14;14;0;0;-0.27;-136.472;-0.21;-276.271;20.68;1.726;3.57;2.735;2.39;6456.79;-1.113;3.25;34.35;16.018;0;0;1;1
PE;2015;14;14;14;0;0;-2.24;-715.273;-1.75;-741.346;23.06;11.517;5.6;56.907;3.26;6021.1;-6.748;3.53;35.59;3.628;0;0;1;1
PH;2013;12;12;12;0;0;0.2;166.007;0.1;130.818;39.25;-3.359;;0;7.06;2769.53;6.876;2.93;20.2;-12.858;0;0;1;1
PL;1996;12;13;12.5;1;1;-4.87;-10.217;-5.76;1.116;43.39;-11.429;-1.29;61.957;6.24;4058.18;12.566;19.9;0;0;1;1;1;1
PL;1997;12;13;12.5;1;1;-4.63;4.81;-5.82;-1.007;42.93;-1.069;0.07;105.284;7.09;4067.96;0.241;14.9;0;0;1;1;1;1
PL;1998;12;14;13;1;2;-4.28;7.666;-5.14;11.634;38.89;-9.405;1.43;2008.824;4.98;4450.33;9.399;11.8;0;0;1;1;1;1
PL;1999;13;14;13.5;1;1;-2.31;45.954;-2.95;42.727;39.57;1.743;6.35;342.538;4.52;4339.6;-2.488;7.3;0;0;1;1;1;1
PL;2000;14;14;14;0;0;-2.98;-28.992;-4;-35.688;36.58;-7.542;6.72;5.815;4.26;4476.25;3.149;10.1;0;0;1;1;1;1
PL;2001;14;14;14;0;0;-4.79;-60.55;-4.88;-22.047;37.35;2.102;13.69;103.872;1.21;4978.05;11.21;5.5;0;0;1;1;1;1
PL;2002;14;14;14;0;0;-4.85;-1.254;-5.28;-8.263;41.78;11.852;13.08;-4.485;1.44;5195.28;4.364;1.9;0;0;1;1;1;1
PL;2003;14;14;14;0;0;-6.08;-25.402;-6.04;-14.394;46.59;11.511;16.6;26.973;3.56;5691.34;9.548;0.84;49.2;0;1;1;1;1
PL;2004;14;14;14;0;0;-5.16;15.172;-5.62;6.954;45.27;-2.838;14.03;-15.527;5.14;6643.23;16.725;3.49;52.79;7.303;0;1;1;1
PL;2005;14;14;14;0;0;-3.99;22.619;-3.42;39.164;46.66;3.082;14.72;4.984;3.55;7974.84;20.045;2.13;44.39;-15.911;0;0;1;1
PL;2006;14;14;14;0;0;-3.59;10.028;-4.79;-39.953;47.11;0.969;13.87;-5.773;6.19;8995.76;12.802;1.03;50.51;13.77;0;0;1;1
PL;2007;15;15;15;0;0;-1.85;48.426;-2.61;45.455;44.18;-6.219;9.09;-34.518;7.2;11256.3;25.129;2.49;56.13;11.123;0;0;1;1
PL;2008;15;15;15;0;0;-3.63;-96.11;-4.15;-59.042;46.61;5.498;8.89;-2.157;3.92;13905.67;23.537;4.22;47.2;-15.906;0;0;0;1
PL;2009;15;15;15;0;0;-7.32;-101.598;-7.22;-73.838;49.81;6.859;13.75;54.629;2.63;11454.02;-17.631;3.45;66.07;39.976;0;0;0;1
PL;2010;15;15;15;0;0;-7.53;-2.856;-7.47;-3.465;53.33;7.063;19.24;39.956;3.7;12599.72;10.003;2.58;68.4;3.539;0;0;0;1
PL;2011;15;15;15;0;0;-4.85;35.552;-5.57;25.342;54.37;1.95;23.76;23.522;5.01;13884.5;10.197;4.27;63.4;-7.312;0;0;0;1
PL;2012;15;15;15;0;0;-3.69;23.933;-3.81;31.665;53.95;-0.76;24.91;4.831;1.56;13154.74;-5.256;3.7;76.14;20.085;0;0;0;1
PL;2013;15;15;15;0;0;-4.02;-8.943;-3.15;17.249;55.94;3.686;28.64;14.99;1.27;13772.95;4.7;0.9;75.57;-0.741;0;0;0;0
PL;2014;15;15;15;0;0;-3.3;17.861;-2.97;5.711;50.44;-9.842;22.53;-21.338;3.33;14331.63;4.056;-0.03;67.25;-11.011;0;0;0;0
PL;2015;15;15;15;0;0;-2.93;11.387;-2.82;5.148;51.29;1.689;24.38;8.219;3.64;12495.33;-12.813;-0.93;71.41;6.186;0;0;0;0
PT;1994;18;18;18;0;0;-7.4;8.547;0;0;56.68;5.575;0;0;1.49;9970.96;4.617;4.97;0;0;0;0;0;0
PT;1995;18;18;18;0;0;-5.18;30.065;-3.57;0;58.36;2.968;0;0;2.31;11791.4;18.257;3.97;0;0;0;0;0;0
PT;1996;18;18;18;0;0;-4.74;8.517;-4.24;-18.523;57.51;-1.462;0;0;3.5;12188.04;3.364;2.94;0;0;0;0;0;0
PT;1997;18;18;18;0;0;-3.7;21.807;-3.14;25.85;53.7;-6.624;46.35;0;4.43;11598.4;-4.838;1.89;0;0;0;0;0;0
PT;1998;19;19;19;0;0;-4.39;-18.413;-3.64;-15.855;49.82;-7.227;42.46;-8.396;4.79;12220.99;5.368;2.22;0;0;0;0;0;0
PT;1999;19;19;19;0;0;-3.03;30.894;-3.05;16.158;49.03;-1.584;41.56;-2.124;3.89;12491.23;2.211;2.17;0;0;0;0;0;0
PT;2000;19;19;19;0;0;-3.22;-6.071;-4.13;-35.333;47.93;-2.248;41.5;-0.149;3.79;11536.13;-7.646;2.81;0;0;0;0;0;0
PT;2001;19;19;19;0;0;-4.79;-48.927;-4.91;-19.012;50.56;5.492;45.81;10.388;1.94;11739.25;1.761;4.41;0;0;0;0;0;0
PT;2002;19;19;19;0;0;-3.34;30.221;-4.82;1.954;52.9;4.638;47.28;3.207;0.77;12927.92;10.126;3.7;0;0;0;0;0;0
PT;2003;19;19;19;0;0;-4.42;-32.356;-5.82;-20.859;54.68;3.351;50.12;6.005;-0.93;15802.94;22.239;3.24;182.69;0;0;0;0;0
PT;2004;19;19;19;0;0;-6.19;-40.072;-7.64;-31.17;56.31;2.981;52.04;3.843;1.81;18070.02;14.346;2.51;183.48;0.429;0;0;0;0
PT;2005;18;19;18.5;1;1;-6.19;0;-5.58;26.931;60.81;7.99;56.16;7.901;0.77;18817.16;4.135;2.13;170.21;-7.234;0;0;0;0
PT;2006;18;19;18.5;1;1;-4.33;30.126;-4.19;24.978;61.62;1.339;56.66;0.896;1.55;19838.81;5.429;3.05;201.3;18.271;0;0;0;0
PT;2007;18;19;18.5;1;1;-3.01;30.476;-3.77;9.936;68.44;11.068;61.43;8.417;2.49;22811.56;14.985;2.42;216.75;7.672;0;0;0;0
PT;2008;18;19;18.5;1;1;-3.77;-25.158;-5.22;-38.451;71.67;4.715;67.19;9.388;0.2;24933.16;9.301;2.65;200.36;-7.559;0;0;0;0
PT;2009;17;19;18;1;2;-9.81;-160.356;-8.62;-65.102;83.61;16.665;79.29;18.006;-2.98;23122.57;-7.262;-0.9;242.73;21.146;0;0;0;0
PT;2010;16;17;16.5;1;1;-11.17;-13.942;-8.14;5.545;96.18;15.039;91.63;15.552;1.9;22580.68;-2.344;1.39;236.7;-2.486;0;0;0;0
RO;2005;12;12;12;0;0;-0.68;79.569;-1.12;71.948;17.55;-16.377;;0;4.17;4662.67;31.657;9;40.17;-1.152;1;1;1;1
RO;2006;12;13;12.5;1;1;-1.34;-96.921;-2.93;-161.752;12.54;-28.549;;0;8.06;5811.44;24.638;6.59;45.19;12.498;1;1;1;1
RO;2007;12;13;12.5;1;1;-3.1;-130.901;-5.76;-96.654;12.65;0.925;;0;6.86;8124.69;39.805;4.83;50.87;12.568;1;1;1;1
RO;2014;12;12;12;0;0;-1.87;24.333;-0.48;72.348;40.5;4.299;;0;2.96;9995.01;4.459;1.08;56.55;-14.498;1;1;1;1
RO;2015;12;12;12;0;0;-1.46;22.115;-0.66;-37.526;39.45;-2.59;;0;3.74;8906.3;-10.893;-0.6;56.4;-0.274;1;1;1;1
RU;2005;12;13;12.5;1;1;7.63;66.072;7.45;71.015;14.92;-28.702;;0;6.38;5688.64;29.725;12.68;34.5;-6.486;0;0;0;0
RU;2006;14;14;14;0;0;7.84;2.726;7.59;1.988;9.85;-33.981;;0;8.15;7394.42;29.986;9.68;32.59;-5.545;0;0;0;0
RU;2007;14;14;14;0;0;5.61;-28.435;4.49;-40.848;8.07;-18.065;;0;8.54;9708.29;31.292;9.01;36.54;12.127;0;0;0;0
RU;2008;13;14;13.5;1;1;4.57;-18.538;4.12;-8.393;7.48;-7.3;;0;5.25;12414.58;27.876;14.11;29.72;-18.659;0;0;0;0
RU;2009;13;13;13;0;0;-5.92;-229.453;-5.94;-244.447;9.96;33.195;;0;-7.82;9132.7;-26.436;11.65;39.42;32.626;0;0;0;0
RU;2010;13;13;13;0;0;-3.21;45.774;-3.25;45.256;10.64;6.765;;0;4.5;11382.58;24.635;6.85;33.06;-16.137;0;0;0;0
RU;2011;13;13;13;0;0;1.44;144.95;1.19;136.57;10.91;2.595;;0;4.26;14208.17;24.824;8.44;27.34;-17.312;0;0;0;0
RU;2012;13;13;13;0;0;0.39;-73.024;-0.05;-104.538;11.75;7.688;;0;3.51;15155.2;6.665;5.07;30.28;10.763;0;0;0;0
RU;2013;13;13;13;0;0;-1.19;-406.941;-1.63;-2918.519;13.07;11.198;;0;1.28;15531.24;2.481;6.76;33.88;11.913;0;0;0;0
RU;2014;12;13;12.5;1;1;-1.09;9.129;-0.22;86.687;16.33;24.992;;0;0.75;13872.99;-10.677;7.82;30.5;-9.978;0;0;0;0
SA;2004;16;16;16;0;0;9.72;0;;0;62.93;0;52.75;0;7.96;11467.1;0;0.32;0;0;0;0;0;0
SA;2005;16;16;16;0;0;17.99;85.09;;0;37.34;-40.659;17.74;-66.372;5.57;14068.22;22.683;0.54;0;0;0;0;0;0
SA;2006;17;17;17;0;0;20.82;15.767;;0;25.83;-30.826;1.82;-89.745;2.79;15603.99;10.917;1.93;0;0;0;0;0;0
SA;2008;18;18;18;0;0;29.8;152.902;;0;12.06;-29.559;-42.19;-162.216;6.25;20157.3;20.944;6.1;0;0;0;0;0;0
SA;2009;18;18;18;0;0;-5.38;-118.066;;0;13.99;16.034;-43.44;-2.956;-2.06;16094.68;-20.155;4.15;0;0;0;0;0;0
SA;2010;18;18;18;0;0;3.58;166.4;;0;8.45;-39.61;-41.84;3.663;4.76;19112.69;18.752;3.8;0;0;0;0;0;0
SA;2011;18;18;18;0;0;11.16;212.28;;0;5.4;-36.115;-41.92;-0.184;9.96;23593.83;23.446;3.75;0;0;0;0;0;0
SA;2012;18;18;18;0;0;12;7.488;;0;3.59;-33.482;-51.52;-22.893;5.38;25139;6.549;2.86;0;0;0;0;0;0
SA;2013;18;18;18;0;0;5.79;-51.742;;0;2.15;-40;-56.66;-9.973;2.67;24815.93;-1.285;3.51;0;0;0;0;0;0
SA;2014;18;19;18.5;1;1;-3.4;-158.729;;0;1.57;-27.252;-53.64;5.318;3.64;24498.62;-1.279;2.69;0;0;0;0;0;0
SA;2015;17;19;18;1;2;-16.27;-378.448;;0;5.81;270.708;-41.65;22.359;3.35;20812.59;-15.046;2.19;0;0;0;0;0;0
SI;1999;16;16;16;0;0;-0.56;18.822;-0.66;-44.76;22.02;3.61;;0;5.27;11497.62;2.705;6.11;0;0;0;0;1;1
SI;2000;16;16;16;0;0;-1.21;-113.805;-1.1;-65.46;29.01;31.772;;0;4.16;10286.02;-10.538;8.88;0;0;0;0;1;1
SI;2001;16;16;16;0;0;-1.25;-3.228;-0.74;32.908;28.54;-1.62;;0;2.95;10501.86;2.098;8.37;0;0;0;0;1;1
SI;2002;16;16;16;0;0;-1.42;-13.873;-1.02;-39.13;28.4;-0.508;;0;3.84;11837.08;12.714;7.48;0;0;0;0;0;1
SI;2003;17;17;17;0;0;-1.28;10.141;-0.59;42.773;27.04;-4.761;;0;2.84;14905.98;25.926;5.59;56.65;0;0;0;0;1
SI;2004;18;18;18;0;0;-1.29;-0.94;-1.22;-108.362;26.83;-0.78;;0;4.35;17282.62;15.944;3.58;61.53;8.627;0;0;0;1
SI;2005;18;18;18;0;0;-1.03;20.419;-1.48;-21.13;26.3;-1.979;;0;4;18222.58;5.439;2.5;67.19;9.19;0;0;0;1
SI;2006;19;19;19;0;0;-0.79;22.634;-2.19;-48.276;26;-1.148;;0;5.66;19777.13;8.531;2.44;81.11;20.721;0;0;0;1
SI;2007;19;19;19;0;0;0.26;132.535;-2.64;-20.383;22.7;-12.677;;0;6.94;23959.21;21.146;3.6;111.59;37.579;0;0;0;0
SI;2008;19;19;19;0;0;-0.27;-204.651;-3.07;-16.402;21.55;-5.065;;0;3.3;27784.01;15.964;5.65;103.93;-6.865;0;0;0;0
SI;2009;19;19;19;0;0;-5.42;-1907.407;-4.28;-39.343;34.42;59.706;;0;-7.8;24785.05;-10.794;0.86;121.26;16.68;0;0;0;0
SI;2010;19;19;19;0;0;-5.24;3.358;-4.6;-7.473;37.89;10.078;;0;1.24;23499.59;-5.186;1.83;118.44;-2.33;0;0;0;0
SI;2011;19;19;19;0;0;-5.5;-5.002;-4.07;11.56;46.12;21.712;;0;0.65;25040.52;6.557;1.82;105.93;-10.564;0;0;0;0
SE;2001;20;20;20;0;0;1.44;-55.518;1.5;204.025;51.87;1.125;1.58;41.883;1.56;26933.82;-7.925;2.67;0;0;0;0;0;0
SE;2002;20;20;20;0;0;-1.47;-202.154;-0.88;-158.439;49.94;-3.717;7.43;369.848;2.07;29520.93;9.605;1.93;0;0;0;0;0;0
SE;2003;20;20;20;0;0;-1.31;10.748;-0.17;80.594;49.14;-1.618;4.73;-36.392;2.39;36889.59;24.961;2.34;139.09;0;0;0;0;0
SE;2004;21;21;21;0;0;0.33;124.848;0.13;175.882;47.68;-2.957;3.22;-31.81;4.32;42362.22;14.835;1.02;147.52;6.062;0;0;0;0
SE;2005;21;21;21;0;0;1.81;455.521;1.83;1317.829;47.97;0.604;-1.2;-137.314;2.82;42998.84;1.503;0.82;140.91;-4.482;0;0;0;0
SE;2006;21;21;21;0;0;2.18;20.596;2.19;19.847;42.98;-10.402;-12.03;-899.584;4.69;46088.54;7.186;1.5;158.8;12.699;0;0;0;0
SE;2007;21;21;21;0;0;3.34;52.839;2.68;22.308;38.11;-11.333;-16.24;-35.085;3.41;53122.33;15.261;1.68;170.5;7.365;0;0;0;0
SE;2008;21;21;21;0;0;1.95;-41.462;1.2;-55.203;36.68;-3.739;-8.46;47.919;-0.56;55525.76;4.524;3.35;158.2;-7.211;0;0;0;0
SE;2009;21;21;21;0;0;-0.72;-136.694;0.75;-37.469;40.2;9.571;-15.22;-79.917;-5.19;45998.35;-17.159;1.94;211.41;33.633;0;0;0;0
SE;2010;21;21;21;0;0;-0.03;95.955;1.41;87.883;37.59;-6.486;-17.11;-12.404;5.99;51869.16;12.763;1.91;191.87;-9.244;0;0;0;0
SE;2011;21;21;21;0;0;-0.08;-172.414;0.71;-49.61;36.94;-1.721;-13.98;18.318;2.66;59381.87;14.484;1.37;174.26;-9.178;0;0;0;0
SE;2012;21;21;21;0;0;-0.92;-1070.886;-0.28;-139.522;37.21;0.717;-17.88;-27.95;-0.29;56915.73;-4.153;0.94;185.95;6.712;0;0;0;0
SE;2013;21;21;21;0;0;-1.34;-44.432;-0.75;-165.125;39.81;6.988;-18.57;-3.876;1.24;60005.2;5.428;0.44;186.07;0.061;0;0;0;0
SE;2014;21;21;21;0;0;-1.68;-25.749;-1.09;-45.638;44.88;12.752;-19.25;-3.65;2.27;58590.32;-2.358;0.21;171.32;-7.926;0;0;0;0
SE;2015;21;21;21;0;0;-0.89;47.262;-0.7;35.207;44.14;-1.658;-17.27;10.305;4.09;49866.27;-14.89;0.7;174.93;2.106;0;0;0;0
TH;1999;12;12;12;0;0;-9.02;-43.286;-7.39;-51.539;56.59;13.44;;0;4.57;2048.05;10.4;0.29;78.91;-17.824;1;1;1;1
TH;2000;12;12;12;0;0;-1.79;80.126;-1.04;85.879;57.83;2.193;;0;4.46;2028.08;-0.975;1.6;64.43;-18.346;0;1;1;1
TH;2001;12;12;12;0;0;-1.77;1.339;-0.65;37.776;57.52;-0.526;;0;3.44;1912.28;-5.71;1.62;57.55;-10.677;0;0;1;1
TH;2002;12;12;12;0;0;-6.72;-280.204;-5.22;-703.544;55.05;-4.294;;0;6.15;2115.38;10.621;0.7;48.56;-15.626;0;0;1;1
TH;2003;13;13;13;0;0;1.98;129.426;1.9;136.376;47.5;-13.716;;0;7.19;2377.55;12.393;1.8;40.02;-17.583;0;0;1;1
TH;2005;14;14;14;0;0;1.39;25.882;1.23;43.779;43.97;-4.971;;0;4.19;2905.8;8.575;4.54;32.33;-8.463;0;0;0;1
TH;2006;14;14;14;0;0;2.04;46.513;1.93;57.143;39.18;-10.893;;0;4.97;3378.83;16.279;4.65;29.25;-9.523;0;0;0;1
TH;2007;14;14;14;0;0;0.22;-89.205;-0.19;-109.818;35.99;-8.148;;0;5.44;3978.3;17.742;2.23;24.69;-15.589;0;0;0;1
TH;2008;14;14;14;0;0;0.8;264.091;0.44;334.392;34.95;-2.885;;0;1.73;4379.53;10.085;5.46;23.61;-4.374;0;0;0;1
TH;2013;14;14;14;0;0;0.36;138.226;0.22;133.75;42.25;0.718;;0;2.7;6147.99;5.16;2.19;34.61;-1.707;1;1;1;1
TH;2014;14;14;14;0;0;-0.85;-334.254;-0.4;-287.037;43.57;3.127;;0;0.82;5889.02;-4.212;1.9;35.5;2.583;0;1;1;1
TH;2015;14;14;14;0;0;0.25;129.835;0.68;267.822;43.11;-1.056;;0;2.82;5742.28;-2.492;-0.9;35.09;-1.172;0;0;1;1
TN;1997;12;12;12;0;0;-3.64;0;-2.34;0;69.89;0;69.89;0;5.73;2251.43;0;3.6;56.6;0;1;1;1;1
TN;1998;12;12;12;0;0;-2.72;25.083;-1.36;41.93;61.04;-12.664;61.04;-12.664;4.96;2336.04;3.758;3.1;51.8;-8.472;0;1;1;1
TN;1999;12;12;12;0;0;-2.95;-8.333;-1.76;-29.412;64.96;6.41;64.96;6.41;6.02;2426.35;3.866;2.77;54.05;4.336;0;0;1;1
TN;2001;13;13;13;0;0;-2.85;2.368;-3.52;1.867;67.59;2.515;67.59;2.515;4.85;2286.49;1.715;1.88;61.06;10.361;0;0;1;1
TN;2002;13;13;13;0;0;-2.5;12.197;-2.62;25.476;67.37;-0.333;67.37;-0.333;1.7;2373.78;3.818;1.9;69.81;14.331;0;0;0;1
TN;2003;13;13;13;0;0;-2.59;-3.603;-2.8;-6.517;66.37;-1.484;66.37;-1.484;5.47;2790.1;17.538;2.06;68.57;-1.765;0;0;0;1
TN;2004;13;13;13;0;0;-2.47;4.521;-2.52;9.911;53.72;-19.06;53.72;-19.06;5.96;3139.62;12.527;2.54;65.32;-4.744;0;0;0;1
TN;2005;13;13;13;0;0;-2.69;-8.903;-2.75;-9.253;52.48;-2.301;52.48;-2.301;4;3217.89;2.493;2.44;58.5;-10.441;0;0;0;1
TN;2006;13;13;13;0;0;-2.4;10.665;-2.91;-5.925;48.79;-7.033;48.79;-7.033;5.65;3394.25;5.481;3.23;56.91;-2.718;0;0;0;1
TN;2007;13;13;13;0;0;-1.89;21.547;-3.35;-15.031;45.94;-5.841;45.94;-5.841;6.25;3805.33;12.111;2.97;55.7;-2.13;0;0;0;0
TN;2008;13;13;13;0;0;-0.58;69.3;-1.89;43.646;43.29;-5.766;43.29;-5.766;4.46;4341.21;14.082;4.35;50.61;-9.131;0;0;0;0
TN;2009;13;13;13;0;0;-1.27;-119.516;-2.56;-35.257;42.77;-1.197;42.77;-1.197;3.11;4178.69;-3.744;3.67;54.92;8.516;0;0;0;0
TN;2010;13;13;13;0;0;-0.94;25.806;-1.29;49.393;40.66;-4.933;40.66;-4.933;2.59;4176.93;-0.042;3.34;53.53;-2.545;0;0;0;0
TN;2011;12;12;12;0;0;-3.65;-287.063;-3.28;-153.828;44.63;9.741;44.63;9.741;-1.92;4291.8;2.75;3.55;51.87;-3.09;0;0;0;0
UY;1997;12;12;12;0;0;0;0;0;0;0;0;0;0;5.05;7362.67;4.605;19.82;0;0;0;0;0;1
UY;1998;12;12;12;0;0;0;0;0;0;0;0;0;0;4.28;7756.84;5.354;10.81;0;0;0;0;0;1
UY;1999;12;12;12;0;0;-3.18;0;0;0;0;0;0;0;-2.97;7295.82;-5.943;5.66;0;0;0;0;0;1
UY;2000;12;12;12;0;0;-3.34;-5.197;-3.98;0;0;0;0;0;-1.78;6917.14;-5.19;4.76;0;0;0;0;0;1
UY;2001;12;12;12;0;0;-3.42;-2.365;-2.71;31.875;54.89;0;34.99;0;-3.46;6319.55;-8.639;4.37;0;0;0;0;0;1
UY;2013;12;12;12;0;0;-2.32;13.584;-3.92;-64.032;60.19;3.977;24.18;-4.4;5.1;16956.9;11.557;8.58;41.07;-3.276;0;0;0;1
UY;2014;12;12;12;0;0;-3.45;-48.579;-4.73;-20.627;61.17;1.628;22.87;-5.434;3.5;16882.46;-0.439;8.88;51.42;25.205;0;0;0;0
US;1994;21;21;21;0;0;0;0;0;0;0;0;0;0;4.04;27755.76;0;2.6;0;0;0;0;0;0
US;1995;21;21;21;0;0;0;0;0;0;0;0;0;0;2.72;28762.68;3.628;2.81;0;0;0;0;0;0
US;1996;21;21;21;0;0;0;0;0;0;0;0;0;0;3.8;30047.31;4.466;2.94;0;0;0;0;0;0
US;1997;21;21;21;0;0;0;0;0;0;0;0;0;0;4.49;31553.62;5.013;2.34;0;0;0;0;0;0
US;1998;21;21;21;0;0;0;0;0;0;0;0;0;0;4.45;32929.04;4.359;1.55;0;0;0;0;0;0
US;1999;21;21;21;0;0;0;0;0;0;0;0;0;0;4.69;34601.72;5.08;2.19;0;0;0;0;0;0
US;2000;21;21;21;0;0;0;0;0;0;0;0;0;0;4.09;36432.51;5.291;3.37;0;0;0;0;0;0
US;2001;21;21;21;0;0;-0.58;0;-1.38;0;53.02;0;33.78;0;0.98;37241.35;2.22;2.82;0;0;0;0;0;0
US;2002;21;21;21;0;0;-3.79;-553.966;-3.55;-157.133;55.38;4.445;36.36;7.639;1.79;38113.89;2.343;1.6;0;0;0;0;0;0
US;2003;21;21;21;0;0;-4.74;-24.993;-4.64;-30.696;58.52;5.665;39.73;9.289;2.81;39591.87;3.878;2.3;59.99;0;0;0;0;0
US;2004;21;21;21;0;0;-4.27;9.85;-4.66;-0.496;65.49;11.92;46.88;17.985;3.79;41838.46;5.674;2.67;67.58;12.649;0;0;0;0
US;2005;21;21;21;0;0;-3.13;26.79;-3.85;17.431;64.89;-0.916;46.28;-1.282;3.35;44218.31;5.688;3.37;71.73;6.14;0;0;0;0
US;2006;21;21;21;0;0;-2.04;34.676;-3.18;17.502;63.64;-1.928;44.74;-3.326;2.67;46351.67;4.825;3.22;79.29;10.539;0;0;0;0
US;2007;21;21;21;0;0;-2.86;-39.922;-4.01;-26.062;64.01;0.586;44.46;-0.626;1.78;47954.53;3.458;2.87;92.11;16.176;0;0;0;0
US;2008;21;21;21;0;0;-6.68;-133.601;-5.88;-46.717;72.84;13.796;50.46;13.505;-0.29;48302.28;0.725;3.82;93.01;0.976;0;0;0;0
US;2009;21;21;21;0;0;-13.15;-96.827;-7.59;-29.204;86.03;18.104;62.02;22.896;-2.78;46909.42;-2.884;-0.32;94.26;1.341;0;0;0;0
US;2010;21;21;21;0;0;-10.93;16.92;-9.45;-24.46;94.73;10.11;69.5;12.058;2.53;48309.53;2.985;1.64;96;1.849;0;0;0;0
US;2011;20;21;20.5;1;1;-9.59;12.229;-8.07;14.573;98.99;4.5;75.93;9.257;1.6;49725.5;2.931;3.14;98.14;2.225;0;0;0;0
US;2012;20;21;20.5;1;1;-7.88;17.791;-6.15;23.873;102.5;3.539;79.38;4.55;2.22;51385.49;3.338;2.08;94.48;-3.721;0;0;0;0
US;2013;20;21;20.5;1;1;-4.4;44.209;-3.96;35.574;104.8;2.246;80.95;1.97;1.49;52615.34;2.393;1.47;96.47;2.103;0;0;0;0
US;2014;20;21;20.5;1;1;-4.14;5.775;-3.48;12.124;104.97;0.166;80.63;-0.398;2.43;54360.5;3.317;1.61;98.14;1.726;0;0;0;0
US;2015;20;21;20.5;1;1;-3.72;10.28;-3.05;12.389;105.83;0.815;80.65;0.027;2.43;55805.2;2.658;0.12;97.64;-0.503;0;0;0;0
ZA;2000;12;12;12;0;0;-1.54;0;-1.4;0;42.21;0;41.5;0;4.16;3042.43;-1.519;5.37;19.1;3.844;0;0;0;1
ZA;2001;12;12;12;0;0;-1.13;26.511;-0.81;42.511;42.4;0.455;42.02;1.258;2.74;2671.99;-12.176;5.63;20.89;9.389;0;0;0;1
ZA;2002;12;12;12;0;0;-1.07;5.305;-0.8;1.365;35.55;-16.167;35.09;-16.489;3.67;2541.35;-4.889;9.17;29.92;43.236;0;0;0;1
ZA;2003;13;13;13;0;0;-1.79;-66.76;-1.29;-62.516;35.43;-0.335;34.76;-0.963;2.95;3799.38;49.503;5.87;21.76;-27.268;0;0;0;1
ZA;2004;13;13;13;0;0;-1.17;34.602;-0.91;29.799;34.39;-2.921;33.59;-3.349;4.56;4899.22;28.948;1.42;19.25;-11.533;0;0;0;0
ZA;2005;14;14;14;0;0;-0.33;71.404;-0.26;71.555;33.21;-3.434;28.69;-14.599;5.28;5441.86;11.076;3.34;17.69;-8.097;0;0;0;0
ZA;2006;14;14;14;0;0;0.7;310.479;1.49;677.519;31.36;-5.591;25.9;-9.733;5.6;5663.7;4.077;4.66;22.28;25.93;0;0;0;0
ZA;2007;14;14;14;0;0;1.24;76.671;0.98;-34.027;27.06;-13.695;22.85;-11.759;5.36;6145.73;8.511;7.12;25.06;12.485;0;0;0;0
ZA;2008;14;14;14;0;0;-0.46;-136.715;-0.72;-173.143;26.51;-2.051;21.74;-4.858;3.19;5818.24;-5.329;11.54;25.18;0.467;0;0;0;0
ZA;2009;14;14;14;0;0;-4.73;-936.184;-3.05;-323.644;30.08;13.476;25.37;16.697;-1.54;5937.77;2.054;7.13;27.31;8.463;0;0;0;0
ZA;2010;14;14;14;0;0;-4.79;-1.439;-3.53;-15.988;34.68;15.284;28.51;12.393;3.04;7389.04;24.441;4.26;29.51;8.037;0;0;0;0
ZA;2011;14;14;14;0;0;-3.87;19.362;-3.58;-1.274;38.21;10.198;31.32;9.841;3.21;8089.87;9.485;5;28.8;-2.382;0;0;0;0
ZA;2012;13;14;13.5;1;1;-4.1;-6.08;-3.94;-10.117;40.89;7.014;34.75;10.942;2.22;7592.2;-6.152;5.65;37.49;30.166;0;0;0;0
ZA;2013;13;13;13;0;0;-4.04;1.439;-3.9;1.015;44.17;8.019;37.63;8.303;2.21;6889.7;-9.253;5.75;39.07;4.193;0;0;0;0
ZA;2014;12;13;12.5;1;1;-3.78;6.459;-3.55;9.077;47.09;6.604;40.37;7.286;1.55;6483.79;-5.892;6.07;42.29;8.255;0;0;0;0
ZA;2015;12;12;12;0;0;-4.05;-7.037;-3.71;-4.625;50.06;6.314;44.74;10.824;1.28;5694.57;-12.172;4.59;40.71;-3.741;0;0;0;0
