Country2Code;Year;SP_NumericRating;Fitch_NumericRating;AvgRatingSF;Diff_UP_SF;OLD_Diff_UP_SF_OLD;BudgetBal_NGDP;BudgetBal_NGDP_Var;GGSB_NPGDP;GGSB_NPGDP_Var;GGXWDG_NGDP;GGXWDG_NGDP_Var;GGXWDN_NGDP;GGXWDN_NGDP_Var;NGDP_RPCH;NGDPDPC;NGDPDPC_Var;PCPIPCH;ExtDebtCombinedPercGNI;ExtDebtPercGNI_Var;DefaultLastYear;DefaultLast2Years;DefaultLast5Years;DefaultLast10Years
DO;2005;7;6;6.5;1;1;-0.4;87.922;-0.44;83.68;21.29;-5.378;21.29;-5.378;9.22;4025.42;52.599;4.19;24.15;-37.535;1;1;1;1
DO;2006;7;7;7;0;0;-0.93;-133.167;-1.15;-162.045;19.42;-8.765;19.42;-8.765;10.66;4216.93;4.758;7.57;27.04;11.959;1;1;1;1
DO;2007;8;7;7.5;1;1;0.11;111.337;-0.13;88.552;17.52;-9.807;17.52;-9.807;8.48;4793.05;13.662;6.14;25.66;-5.104;1;1;1;1
DO;2008;7;7;7;0;0;-3.26;-3174.528;-3.9;-2854.545;19.6;11.896;19.6;11.896;3.14;5180.17;8.076;10.64;22.86;-10.89;1;1;1;1
DO;2009;7;7;7;0;0;-3.03;7.088;-2.41;38.282;22.73;15.947;22.73;15.947;0.94;5131.67;-0.936;1.44;25.51;11.591;1;1;1;1
DO;2010;7;7;7;0;0;-2.74;9.676;-3.17;-31.865;23.75;4.505;23.75;4.505;8.3;5676.27;10.613;6.33;25.68;0.666;1;1;1;1
DO;2011;8;7;7.5;1;1;-3.04;-11.115;-2.58;18.872;25.75;8.407;25.75;8.407;2.82;6085.89;7.216;8.46;26.88;4.645;1;1;1;1
DO;2012;8;7;7.5;1;1;-6.58;-116.65;-6.8;-163.883;30.46;18.307;30.46;18.307;2.63;6252.48;2.737;3.7;37.95;41.185;1;1;1;1
DO;2013;8;7;7.5;1;1;-3.56;45.99;-2.93;56.821;34.6;13.59;34.6;13.59;4.78;6264.14;0.186;4.83;42.14;11.053;1;1;1;1
DO;2014;8;8;8;0;0;-3.03;14.679;-3.1;-5.692;34.38;-0.639;34.38;-0.639;7.34;6481.31;3.467;3;44;4.409;1;1;1;1
DO;2015;9;8;8.5;1;1;0.07;102.241;-2.71;12.706;34.29;-0.273;34.29;-0.273;7;6755.74;4.234;0.84;25.49;-42.064;1;1;1;1
AO;2015;8;8;8;0;0;-4.09;0;;0;62.33;0;;0;3;4100.32;0;10.28;0;0;1;1;1;1
AR;1997;10;10;10;0;0;-1.71;34.769;-1.6;60.144;29.57;-2.679;;0;8.11;9851.19;6.365;0;0;0;0;0;1;1
AR;1998;10;10;10;0;0;-1.7;0.409;-1.93;-20.274;31.87;7.771;;0;3.85;9946.78;0.97;0.93;0;0;0;0;1;1
AR;1999;10;10;10;0;0;-3.45;-102.641;-2.57;-33.091;36.3;13.91;;0;-3.39;9336.53;-6.135;-1.17;0;0;0;0;0;1
AR;2001;0;0;0;0;0;-4.91;-63.102;-3.15;-30.282;44.76;17.537;;0;-4.41;8672.46;-6.378;-1.07;0;0;0;0;0;1
AR;2002;0;0;0;0;0;-1.92;60.884;0.21;106.614;137.72;207.695;;0;-10.9;3201.27;-63.087;25.87;0;0;1;1;1;1
AR;2003;0;0;0;0;0;1.06;155.284;1.91;819.231;116.39;-15.482;;0;8.84;4029.42;25.869;13.44;138.18;0;1;1;1;1
AR;2004;0;0;0;0;0;3.21;202.542;3.53;84.467;106.03;-8.903;;0;9.03;4765.42;18.265;4.42;99.39;-28.072;1;1;1;1
AR;2005;1;0;0.5;1;1;1.97;-38.749;1.83;-48.228;60.25;-43.182;;0;9.23;5737.21;20.393;9.64;53.5;-46.173;1;1;1;1
AR;2006;8;7;7.5;1;1;1.51;-23.12;1.11;-39.102;51.9;-13.848;;0;8.38;6749.81;17.65;10.9;42.58;-20.412;1;1;1;1
AR;2007;8;7;7.5;1;1;0.16;-89.359;-0.62;-155.755;44.39;-14.473;;0;7.97;8378.93;24.136;8.83;38.49;-9.597;1;1;1;1
AR;2008;6;6;6;0;0;0.43;166.46;0.26;142.581;39.27;-11.541;;0;3.08;10214.98;21.913;8.59;31.5;-18.154;1;1;1;1
AR;2009;6;6;6;0;0;-1.94;-552.214;-0.6;-326.894;47.59;21.196;;0;0.05;9430.85;-7.676;6.27;32.52;3.215;1;1;1;1
AR;2010;7;7;7;0;0;-1.17;39.845;-0.98;-64.274;39.11;-17.81;;0;9.45;11347.32;20.321;10.46;29.31;-9.85;1;1;1;1
AR;2011;7;7;7;0;0;-2.41;-106.084;-3.48;-253.963;35.87;-8.283;;0;8.39;13568.24;19.572;9.78;26.35;-10.104;1;1;1;1
AR;2012;6;2;4;1;4;-2.67;-11.143;-3.04;12.805;37.61;4.85;;0;0.8;14561.99;7.324;10.04;24.5;-7.017;1;1;1;1
AR;2013;5;2;3.5;1;3;-2.96;-10.662;-3.65;-20.25;41.48;10.27;;0;2.89;14739.62;1.22;10.62;23.45;-4.31;1;1;1;1
AZ;2008;11;11;11;0;0;20.6;0;;0;7.3;0;;0;10.8;5212.83;0;20.82;10.25;0;0;0;0;0
AZ;2009;11;11;11;0;0;7.43;-63.915;;0;11.79;61.601;;0;9.3;4933.36;-5.361;1.56;11.66;13.81;0;0;0;0
BG;2000;8;8;8;0;0;-0.61;-500.658;0.95;0;73.89;-6.993;22.25;0;5.01;1613.33;-3.561;10.32;93.64;5.221;1;1;1;1
BG;2001;9;8;8.5;1;1;-0.58;4.433;1.16;22.023;67.29;-8.93;16.34;-26.563;4.25;1791.3;11.031;7.37;79.62;-14.966;1;1;1;1
BG;2002;10;10;10;0;0;-0.62;-5.842;0.5;-56.995;53.54;-20.428;7.75;-52.547;6.02;2085.27;16.411;5.81;73.72;-7.419;1;1;1;1
BG;2003;11;11;11;0;0;0;100.325;1.08;116.265;45.58;-14.874;-8.9;-214.745;5.08;2701.6;29.557;2.35;66.58;-9.686;1;1;1;1
BR;1994;8;8;8;0;0;0;0;0;0;0;0;0;0;5.34;3569.46;0;2075.83;28.47;0;1;1;1;1
BR;1995;8;8;8;0;0;0;0;0;0;0;0;0;0;4.42;4950.3;38.685;66.01;21.23;-25.406;1;1;1;1
BR;1996;8;8;8;0;0;-5.35;0;0;0;0;0;0;0;2.21;5273.89;6.537;15.76;21.92;3.226;1;1;1;1
BR;1997;9;8;8.5;1;1;-5.6;-4.826;0;0;0;0;0;0;3.4;5394.64;2.29;6.93;22.66;3.367;1;1;1;1
BR;1998;9;8;8.5;1;1;-7.22;-28.837;0;0;0;0;0;0;0.34;5197.03;-3.663;3.2;29.31;29.368;1;1;1;1
BR;1999;8;7;7.5;1;1;-5.18;28.324;0;0;0;0;0;0;0.47;3552.14;-31.651;4.86;43.11;47.064;1;1;1;1
BR;2001;9;9;9;0;0;-3.17;4.458;-2.86;18.636;70.05;6.853;51.49;9.624;1.39;3183.79;-15.75;6.84;43.04;11.305;1;1;1;1
BR;2002;8;7;7.5;1;1;-4.42;-39.313;-4;-39.735;78.8;12.482;59.93;16.408;3.05;2859.6;-10.183;8.45;47.68;10.761;1;1;1;1
BR;2003;8;8;8;0;0;-5.18;-17.153;-3.96;1.049;73.82;-6.314;54.26;-9.469;1.14;3090.66;8.08;14.71;44.13;-7.434;0;1;1;1
BR;2004;9;9;9;0;0;-2.88;44.447;-2.61;34.192;70.08;-5.074;50.19;-7.507;5.76;3659.1;18.392;6.6;34.28;-22.319;1;1;1;1
BR;2005;9;9;9;0;0;-3.54;-23.053;-3.2;-22.64;68.59;-2.129;47.92;-4.525;3.2;4815.71;31.609;6.87;21.99;-35.87;1;1;1;1
BR;2006;10;10;10;0;0;-3.57;-0.876;-3.34;-4.349;65.85;-3.995;46.49;-2.982;3.96;5912.55;22.776;4.18;18.29;-16.807;1;1;1;1
BR;2007;11;11;11;0;0;-2.74;23.333;-3.31;0.9;63.74;-3.192;44.14;-5.04;6.07;7374.08;24.719;3.64;17.81;-2.613;1;1;1;1
BR;2015;11;11;11;0;0;-10.3;-70.349;-9.29;-22.972;73.7;16.399;36.19;9.305;-3.85;8670;-27.27;9.03;38.31;62.951;0;0;0;0
CM;2003;7;7;7;0;0;0.65;0;;0;60.27;0;60.27;0;4.03;807.33;0;0.63;87.11;0;1;1;1;1
CM;2007;7;7;7;0;0;4.67;-85.779;;0;11.96;-24.63;11.96;-24.63;3.26;1085.19;10.763;1.13;15.48;-19.831;1;1;1;1
CM;2008;7;7;7;0;0;2.23;-52.195;;0;9.72;-18.744;9.72;-18.744;2.89;1208.9;11.4;5.34;12.38;-20.035;1;1;1;1
CM;2009;7;7;7;0;0;-0.05;-102.195;;0;10.09;3.881;10.09;3.881;1.93;1176.48;-2.682;3.04;13.92;12.398;1;1;1;1
CM;2010;7;7;7;0;0;-1.09;-2114.286;;0;11.53;14.219;11.53;14.219;3.27;1158.78;-1.504;1.28;13.65;-1.911;1;1;1;1
CM;2011;7;7;7;0;0;-2.6;-139.447;;0;13.25;14.904;13.25;14.904;4.14;1271.21;9.702;2.94;11.77;-13.744;1;1;1;1
CM;2012;7;7;7;0;0;-1.59;38.761;;0;15.43;16.489;15.43;16.489;4.6;1234.37;-2.898;2.38;14.36;21.947;1;1;1;1
CM;2013;7;7;7;0;0;-3.95;-148.46;;0;18.66;20.961;18.66;20.961;5.55;1344.34;8.909;2.05;16.94;17.962;1;1;1;1
CM;2014;7;7;7;0;0;-4.71;-19.024;;0;27.96;49.804;27.96;49.804;5.93;1402.8;4.349;1.85;16.65;-1.683;1;1;1;1
CM;2015;7;7;7;0;0;-5.75;-22.21;;0;33.51;19.851;33.51;19.851;5.87;1232.42;-12.145;2.75;0;-100;1;1;1;1
CO;2002;10;10;10;0;0;-3.43;-18.414;-2.38;24.389;47.24;15.694;30.74;-8.351;2.5;2369.91;-1.502;6.35;34.09;-8.076;1;1;1;1
CO;2003;10;10;10;0;0;-2.69;21.695;-1.16;51.384;44.75;-5.269;37.48;21.926;3.92;2261.58;-4.571;7.13;39.64;16.262;1;1;1;1
CO;2004;10;10;10;0;0;-1.26;52.994;0.09;107.765;41.21;-7.9;32.51;-13.26;5.33;2763.7;22.202;5.9;32.96;-16.846;1;1;1;1
CO;2005;10;10;10;0;0;-0.01;98.892;0.57;534.444;38.28;-7.109;27.96;-14.008;4.71;3416.9;23.635;5.05;25.94;-21.288;0;1;1;1
CO;2006;10;10;10;0;0;-0.99;-6985.714;-1.33;-332.574;35.75;-6.609;25.29;-9.547;6.7;3749.84;9.744;4.29;23.99;-7.536;0;0;1;1
CO;2007;11;11;11;0;0;-0.85;14.617;-2.02;-52.108;32.47;-9.188;22.48;-11.116;6.9;4722.94;25.95;5.54;21.75;-9.338;0;0;1;1
CO;2008;11;11;11;0;0;-0.25;70.248;-1.18;41.733;32.14;-1.001;22.27;-0.93;3.55;5495.98;16.368;7;19.74;-9.238;0;0;1;1
CO;2009;11;11;11;0;0;-2.8;-1009.127;-2.29;-94.562;35.17;9.417;26.15;17.429;1.65;5200.05;-5.385;4.2;23.53;19.217;0;0;0;1
CO;2010;11;11;11;0;0;-3.3;-17.996;-2.55;-11.441;36.44;3.605;28.45;8.796;3.97;6305.29;21.254;2.27;23.14;-1.662;0;0;0;1
CR;2000;10;10;10;0;0;-3.38;-56.745;;0;35.66;3.975;;0;1.8;4293.58;1.68;10.96;31.91;5.902;1;1;1;1
CR;2001;10;10;10;0;0;-3.29;2.573;;0;37.64;5.559;;0;1.08;4256.63;-0.861;11.25;31.05;-2.667;1;1;1;1
CR;2002;10;10;10;0;0;-4.79;-45.416;;0;39.76;5.63;;0;2.9;4296.02;0.926;9.17;30.89;-0.522;1;1;1;1
CR;2003;10;10;10;0;0;-3.3;31.148;;0;38.99;-1.934;;0;6.41;4397.75;2.368;9.44;33.73;9.2;1;1;1;1
CR;2004;10;10;10;0;0;-3.33;-1.001;;0;40;2.598;;0;4.26;4594.76;4.48;12.32;31.44;-6.812;1;1;1;1
CR;2005;10;10;10;0;0;-2.72;18.223;;0;36.52;-8.69;;0;5.89;4858.94;5.75;13.79;32.82;4.387;1;1;1;1
CR;2006;10;10;10;0;0;-1.41;48.421;;0;32.47;-11.1;;0;8.78;5401.11;11.158;11.48;31.03;-5.433;1;1;1;1
CR;2007;11;10;10.5;1;1;0.31;121.922;;0;26.86;-17.287;;0;7.94;6221.39;15.187;9.36;33.03;6.451;1;1;1;1
CR;2008;11;10;10.5;1;1;-0.28;-191.883;;0;24.16;-10.053;;0;2.73;6950.39;11.718;13.42;30.04;-9.06;1;1;1;1
CR;2009;11;10;10.5;1;1;-3.51;-1139.576;;0;26.55;9.889;;0;-1.02;6744.44;-2.963;7.84;27.42;-8.718;0;1;1;1
CR;2010;11;10;10.5;1;1;-5.27;-50.2;;0;28.41;7.01;;0;4.95;8213.2;21.777;5.67;22.94;-16.359;0;0;1;1
CR;2011;11;11;11;0;0;-4.17;20.782;;0;29.83;5.02;;0;4.52;9212.37;12.165;4.88;25.27;10.172;0;0;1;1
CR;2012;11;11;11;0;0;-4.53;-8.601;;0;34.29;14.947;;0;5.17;9988.94;8.43;4.5;32.18;27.346;0;0;1;1
EC;2002;5;5;5;0;0;0.76;935.616;3.77;-8.187;52.52;-15.699;;0;4.1;2180.39;14.191;12.49;59.4;-2.541;1;1;1;1
EC;2003;5;5;5;0;0;1;32.011;3.84;1.778;44.87;-14.566;;0;2.72;2434.98;11.676;7.93;53.82;-9.389;1;1;1;1
EC;2007;6;5;5.5;1;1;2.6;-8.906;4.82;4.515;27.2;-5.661;;0;2.19;3588.31;7.067;2.28;36.43;-5.813;1;1;1;1
EC;2010;6;6;6;0;0;-1.36;61.989;-2.39;25.79;19.68;11.045;;0;3.53;4633.25;9.225;3.55;21.83;0.845;1;1;1;1
EC;2011;6;6;6;0;0;-0.13;90.641;-2.49;-3.843;19.43;-1.25;;0;7.87;5192.88;12.079;4.48;21.14;-3.188;1;1;1;1
EC;2012;7;6;6.5;1;1;-0.94;-637.795;-3.64;-46.541;21.61;11.22;;0;5.64;5664.89;9.09;5.1;19.56;-7.485;1;1;1;1
EC;2013;7;7;7;0;0;-4.59;-389.648;-8.85;-142.904;25.91;19.875;;0;4.55;6008.09;6.059;2.72;21.72;11.076;1;1;1;1
EC;2014;8;7;7.5;1;1;-5.35;-16.521;-9.74;-10.024;31.18;20.378;;0;3.68;6296.53;4.801;3.59;26.5;22.016;1;1;1;1
EC;2015;7;7;7;0;0;-5.29;1.066;-4.92;49.486;34.53;10.736;;0;0.02;6070.95;-3.583;3.97;27.67;4.411;1;1;1;1
EG;2002;11;11;11;0;0;-10.79;0;0;0;85.78;0;63.13;0;3.19;1356.68;-13.534;2.43;32.83;18.769;1;1;1;1
EG;2003;11;11;11;0;0;-8.58;20.469;0;0;97.1;13.196;69.63;10.302;3.19;1254.1;-7.561;3.21;35.88;9.284;1;1;1;1
EG;2004;11;11;11;0;0;-7.85;8.54;0;0;96.51;-0.6;67.54;-2.999;4.09;1195.37;-4.683;8.11;39.12;9.034;1;1;1;1
EG;2005;11;11;11;0;0;-8;-1.847;0;0;98.26;1.814;67.59;0.068;4.47;1330.46;11.301;8.83;33.49;-14.395;1;1;1;1
EG;2006;11;11;11;0;0;-8.73;-9.206;-8.7;0;85.92;-12.557;67.87;0.423;6.84;1563.48;17.514;4.2;28.37;-15.269;1;1;1;1
EG;2007;11;11;11;0;0;-7.18;17.787;-7.2;17.182;76.27;-11.238;61.33;-9.636;7.09;1861.05;19.033;10.96;26;-8.353;1;1;1;1
EG;2008;11;11;11;0;0;-7.61;-6.046;-8.1;-12.526;66.76;-12.465;52.84;-13.839;7.16;2270.36;21.993;11.7;20.45;-21.358;1;1;1;1
EG;2009;11;11;11;0;0;-6.56;13.847;-7.06;12.822;69.45;4.028;55.87;5.728;4.67;2578.05;13.553;16.24;18.54;-9.335;1;1;1;1
EG;2010;11;11;11;0;0;-7.88;-20.128;-8.59;-21.532;69.59;0.202;57.09;2.189;5.15;2921.76;13.332;11.69;17.03;-8.128;1;1;1;1
EG;2013;6;6;6;0;0;-13.39;-33.883;-13.16;-30.684;84.66;12.828;74.28;15.029;2.1;3369.98;0.7;6.91;15.95;7.631;0;0;1;1
ET;2014;7;7;7;0;0;-2.58;0;;0;40.69;0;36.13;0;10.32;628.34;0;7.4;29.91;0;1;1;1;1
ET;2015;7;7;7;0;0;-2.5;3.292;;0;48.62;19.488;43.55;20.516;10.2;686.59;9.272;10.11;32.6;9.005;1;1;1;1
GA;2007;9;9;9;0;0;8.06;0;;0;39.69;0;;0;6.33;8639.7;0;-1.02;45.8;0;1;1;1;1
GA;2008;9;9;9;0;0;10.99;36.351;;0;16.93;-57.348;;0;1.73;10377.41;20.113;5.26;16.12;-64.798;1;1;1;1
GA;2009;9;9;9;0;0;6.77;-38.421;;0;23.09;36.385;;0;-2.28;7833.86;-24.51;1.89;21.74;34.826;1;1;1;1
GA;2010;9;9;9;0;0;2.7;-60.148;;0;20.51;-11.178;;0;6.27;8917.32;13.83;1.45;20.24;-6.91;1;1;1;1
GA;2011;9;9;9;0;0;2.46;-8.895;;0;17.85;-12.95;;0;7.09;10891.1;22.134;1.26;17.84;-11.865;1;1;1;1
GA;2012;9;9;9;0;0;1.6;-34.906;;0;19.7;10.34;;0;5.25;9903.19;-9.071;2.68;18.56;4.087;1;1;1;1
GA;2013;9;9;9;0;0;1.77;10.562;;0;29.24;48.424;;0;5.64;9760.88;-1.437;0.48;27.17;46.353;1;1;1;1
GA;2014;9;9;9;0;0;2.68;51.385;;0;32.16;9.997;;0;4.32;9956.47;2.004;4.51;25.1;-7.604;0;1;1;1
GA;2015;8;8;8;0;0;-2.34;-187.341;;0;43.92;36.575;;0;4.01;7735.94;-22.302;0.1;0;-100;0;0;1;1
GE;2010;8;8;8;0;0;-4.78;26.945;-3.63;50.853;42.4;3.415;;0;6.25;2951.24;9.56;7.11;85.61;5.124;1;1;1;1
GE;2011;9;9;9;0;0;-0.87;81.883;-1.06;70.882;36.5;-13.915;;0;7.22;3710.7;25.733;8.54;81.07;-5.303;1;1;1;1
GE;2012;9;9;9;0;0;-0.76;12.587;-1.65;-55.629;34.9;-4.384;;0;6.35;4130.55;11.315;-0.94;78.88;-2.712;1;1;1;1
GE;2013;9;9;9;0;0;-1.17;-54.029;-0.14;91.611;34.7;-0.573;;0;3.39;4266.59;3.294;-0.51;86.67;9.878;1;1;1;1
GE;2014;9;9;9;0;0;-1.83;-57.204;-1.28;-823.913;35.5;2.305;;0;4.62;4428.26;3.789;3.07;85.05;-1.865;1;1;1;1
GE;2015;9;9;9;0;0;-1.16;36.661;-0.25;80.392;41.2;16.054;;0;2.76;3788.62;-14.444;4.01;110.63;30.079;1;1;1;1
GH;2003;8;7;7.5;1;1;-3.02;0;;0;74.55;0;73.64;0;5.25;625.63;0;26.63;105.48;0;1;1;1;1
GH;2004;8;7;7.5;1;1;-3.05;-1.028;;0;57.82;-22.445;54.41;-26.11;5.58;709.83;13.459;12.67;85.39;-19.048;1;1;1;1
GH;2005;8;8;8;0;0;-2.83;7.091;;0;47.99;-16.998;43.62;-19.837;5.87;836.35;17.824;15.1;67.6;-20.835;1;1;1;1
GH;2006;8;8;8;0;0;-4.71;-66.36;;0;26.22;-45.372;21.92;-49.736;6.25;952.76;13.919;11.68;18.11;-73.21;1;1;1;1
GH;2007;8;8;8;0;0;-5.39;-14.422;;0;31.04;18.416;23.26;6.094;4.35;1126.86;18.274;10.73;20.7;14.291;1;1;1;1
GH;2008;8;8;8;0;0;-8.44;-56.729;;0;33.59;8.211;30.1;29.408;9.15;1266.11;12.358;16.51;19.97;-3.508;1;1;1;1
GH;2009;8;8;8;0;0;-7.01;16.973;;0;36.09;7.424;32.56;8.16;4.85;1124.2;-11.209;13.14;27.73;38.841;1;1;1;1
GH;2013;7;7;7;0;0;-12.47;-10.285;;0;56.24;14.594;52.9;12.552;7.31;1870.16;11.148;11.67;34.01;7.765;1;1;1;1
GR;2012;6;4;5;1;2;-6.5;36.552;-2.39;71.727;158.95;-7.349;155.22;0;-7.3;22171.91;-14.384;1.04;230.34;34.872;0;0;0;0
GR;2013;6;6;6;0;0;-2.95;54.578;-0.98;58.801;176.94;11.317;174.1;12.167;-3.2;21773.27;-1.798;-0.85;237.62;3.158;1;1;1;1
GR;2014;7;7;7;0;0;-3.94;-33.537;-2.38;-141.607;178.4;0.824;176.3;1.264;0.65;21593.48;-0.826;-1.39;218;-8.255;1;1;1;1
GR;2015;5;4;4.5;1;1;-4.21;-6.824;-1.07;54.947;178.4;0;176.57;0.151;-0.23;18064.29;-16.344;-1.09;245.87;12.784;0;1;1;1
GT;2014;10;10;10;0;0;-1.89;11.226;;0;24.24;-1.539;;0;4.25;3706.91;6.575;3.42;32.82;0.14;1;1;1;1
GT;2015;10;10;10;0;0;-1.46;22.857;;0;24.26;0.062;;0;4;3929.08;5.993;2.39;32.49;-1.003;0;1;1;1
HR;1999;12;11;11.5;1;1;-8.07;-135.119;0;0;32.65;28.479;;0;-0.86;4369.13;-8.749;4.02;0;0;0;0;1;1
HR;2000;12;11;11.5;1;1;-5.5;31.88;0;0;33.21;1.715;;0;4.18;4969.95;13.752;4.63;0;0;0;0;1;1
HR;2013;11;11;11;0;0;-5.36;-0.206;-3.88;5.435;80.75;16.633;;0;-1.06;13568.95;2.536;2.19;112;2.686;0;0;0;0
HR;2014;10;10;10;0;0;-5.6;-4.575;-4.13;-6.469;85.12;5.415;;0;-0.36;13490.04;-0.582;-0.21;102.49;-8.486;0;0;0;0
HR;2015;10;10;10;0;0;-4.04;27.946;-3.11;24.74;87.69;3.009;;0;1.65;11572.91;-14.211;-0.46;102.42;-0.073;0;0;0;0
HU;2015;11;11;11;0;0;-2.23;11.529;;0;75.52;-0.861;71.57;0.804;2.94;12239.89;-12.616;-0.1;135.27;-2.841;0;0;0;1
ID;1997;11;11;11;0;0;-1.03;-207.484;0;0;0;0;;0;4.7;1308.11;-6.195;6.19;65.09;11.658;0;0;1;1
ID;2000;6;6;6;0;0;-1.87;-94.995;0;0;87.44;0;;0;4.98;870.15;4.892;3.77;95.57;-18.567;1;1;1;1
ID;2004;8;8;8;0;0;-0.26;75.859;-0.26;0;51.33;-7.755;;0;5.03;1280.7;7.908;6.06;56.11;-5.324;1;1;1;1
ID;2006;9;9;9;0;0;0.37;-12.028;0.42;3.75;35.85;-15.873;;0;5.5;1764.79;25.708;13.1;38.95;-25.303;1;1;1;1
ID;2007;9;9;9;0;0;-0.95;-353.887;-0.91;-319.036;32.33;-9.805;;0;6.35;2064.23;16.968;6.66;35.67;-8.436;1;1;1;1
IN;2001;10;10;10;0;0;-9.82;-34.65;-9.85;-31.98;78.73;6.896;;0;4.94;471.31;1.769;4.32;20.32;-5.256;0;0;0;1
IN;2002;10;10;10;0;0;-9.75;0.683;-9.28;5.807;82.85;5.236;;0;3.91;492.23;4.439;3.98;20.32;-0.005;0;0;0;1
IN;2003;10;10;10;0;0;-10.33;-5.919;-10.05;-8.32;84.24;1.681;;0;7.94;572.3;16.266;3.86;19.37;-4.667;0;0;0;1
IN;2005;11;11;11;0;0;-7.17;13.338;-7.15;10.998;80.89;-2.876;;0;9.29;748.85;13.89;4.01;14.63;-15.196;0;0;0;0
IS;2010;12;11;11.5;1;1;-9.78;-0.742;-4.36;56.588;88.27;6.513;65.72;-0.804;-3.59;41673.94;3.532;5.4;1075.11;-7.202;0;0;0;0
IS;2011;12;11;11.5;1;1;-5.59;42.834;-4.21;3.395;95.13;7.773;61.7;-6.124;1.99;46052.01;10.506;4;865.64;-19.484;0;0;0;0
JM;2008;7;7;7;0;0;-7.51;-97.736;;0;127.02;10.958;;0;-0.82;5054.54;6.271;22.01;78.62;-7.834;1;1;1;1
JM;2009;4;4;4;0;0;-11.13;-48.096;;0;141.94;11.74;;0;-3.41;4434.77;-12.262;9.58;96.98;23.345;1;1;1;1
JM;2010;6;6;6;0;0;-6.33;43.065;;0;142.04;0.074;;0;-1.45;4811.45;8.494;12.61;110.87;14.322;1;1;1;1
JM;2011;6;6;6;0;0;-6.41;-1.231;;0;140.5;-1.085;;0;1.42;5226.3;8.622;7.53;102.23;-7.788;1;1;1;1
JM;2012;6;6;6;0;0;-4.09;36.276;;0;145.33;3.438;;0;-0.52;5325.02;1.889;6.9;97.2;-4.925;1;1;1;1
JM;2013;6;4;5;1;2;0.12;102.912;;0;139.68;-3.889;;0;0.2;5096.83;-4.285;9.36;92.27;-5.074;1;1;1;1
JM;2014;6;6;6;0;0;-0.5;-517.647;;0;135.62;-2.909;;0;0.53;4963.65;-2.613;8.28;102.97;11.599;1;1;1;1
JM;2015;7;6;6.5;1;1;-0.4;20.322;;0;124.35;-8.307;;0;1.09;4948.02;-0.315;4.68;97.25;-5.553;1;1;1;1
KZ;1996;9;9;9;0;0;0;0;0;0;0;0;0;0;0.5;1349.6;0;39.13;14.04;0;1;1;1;1
KZ;1997;9;9;9;0;0;0;0;0;0;0;0;0;0;1.7;1457.03;7.96;17.44;18.66;32.937;0;1;1;1
KZ;2000;9;9;9;0;0;0;0;0;0;0;0;0;0;9.8;1230.49;8.689;13.33;75.66;86.86;1;1;1;1
KZ;2001;10;10;10;0;0;0;0;0;0;0;0;0;0;13.5;1491.65;21.224;8.38;73.34;-3.059;0;1;1;1
KZ;2003;11;11;11;0;0;4;107.692;3.36;61.653;14.96;-14.95;3.58;-54.407;9.3;2062.29;24.448;6.45;79.82;1.781;0;1;1;1
KE;2007;8;8;8;0;0;-2.42;0;;0;38.37;0;34.42;0;6.85;895.23;0;4.27;23.69;0;1;1;1;1
KE;2010;8;8;8;0;0;-4.41;-1.636;;0;44.4;8.05;40.22;9.112;8.4;1038.95;5.799;4.31;22.11;-4.932;1;1;1;1
KE;2011;8;8;8;0;0;-4.12;6.665;;0;43.05;-3.049;39.06;-2.884;6.11;1062.11;2.229;14.02;25;13.084;1;1;1;1
KE;2012;8;8;8;0;0;-5.03;-22.225;;0;41.69;-3.148;37.95;-2.847;4.56;1238.58;16.615;9.38;23.4;-6.435;1;1;1;1
KE;2013;8;8;8;0;0;-5.71;-13.553;;0;41.62;-0.173;38.21;0.68;5.69;1314.14;6.1;5.72;24.92;6.518;1;1;1;1
KE;2014;8;8;8;0;0;-7.45;-30.417;;0;47.02;12.964;43.25;13.193;5.33;1417.13;7.837;6.88;26.53;6.453;1;1;1;1
KE;2015;8;8;8;0;0;-8.38;-12.466;;0;52.69;12.061;49.58;14.64;5.59;1388.45;-2.024;6.58;26.63;0.377;1;1;1;1
KR;1997;8;6;7;1;2;2.45;0.866;2.16;-6.296;10.25;24.287;0;0;5.92;12132.83;-7.645;4.44;0;0;0;0;0;0
KR;1998;11;10;10.5;1;1;1.16;-52.677;2.54;17.47;14.67;43.172;0;0;-5.47;8083.13;-33.378;7.51;0;0;0;0;0;0
LB;1998;9;9;9;0;0;-17.04;29.65;0;0;0;0;0;0;3.9;5552.03;9.058;4.55;40.09;26.491;0;0;1;1
LB;1999;9;9;9;0;0;-16.5;3.204;0;0;0;0;0;0;-0.8;5513.69;-0.69;0.24;48.25;20.357;0;0;1;1
LB;2001;7;6;6.5;1;1;-20.75;12.194;-18.22;23.366;160.91;10.134;158.99;11.007;3.9;5240.26;-1.702;-0.37;73.39;25.92;0;0;0;1
LB;2002;6;6;6;0;0;-15.97;23.003;-15.6;14.356;160.95;0.021;155.66;-2.098;3.4;5430.42;3.629;1.76;96.45;31.413;0;0;0;1
LB;2003;6;6;6;0;0;-13.78;13.717;-18.22;-16.794;169.03;5.022;166.28;6.825;1.7;5351.76;-1.448;1.27;117.25;21.571;1;1;1;1
LB;2004;6;6;6;0;0;-9.93;27.971;-14.39;21.047;171.18;1.274;165.67;-0.369;5.06;5438.37;1.618;1.67;114.88;-2.026;0;1;1;1
LB;2005;6;6;6;0;0;-8.66;12.783;-14.08;2.113;180.7;5.559;172.41;4.068;2.7;5339.09;-1.826;-0.72;110.58;-3.742;0;0;1;1
LB;2006;6;6;6;0;0;-10.68;-23.377;-18.2;-29.229;185.19;2.484;180.2;4.52;1.6;5342.64;0.066;5.57;114.28;3.346;0;0;1;1
LB;2007;7;6;6.5;1;1;-11.04;-3.351;-18.71;-2.803;171.02;-7.649;165.18;-8.333;9.4;5936.77;11.121;4.06;101.28;-11.374;0;0;1;1
LB;2008;6;6;6;0;0;-9.95;9.837;-17.27;7.703;163.09;-4.637;151.17;-8.486;9.1;6887.7;16.018;10.76;83.13;-17.927;0;0;0;1
LB;2009;7;6;6.5;1;1;-8.16;18.053;-16.17;6.365;145.57;-10.746;132.12;-12.599;10.3;8274.29;20.132;1.2;71.05;-14.531;0;0;0;1
LB;2010;7;7;7;0;0;-7.55;7.429;-13.79;14.739;138.39;-4.929;129.02;-2.344;8;8755.85;5.82;3.98;65.57;-7.703;0;0;0;1
LB;2011;7;7;7;0;0;-5.92;21.56;-13.29;3.598;133.89;-3.254;128.28;-0.58;0.9;9143.86;4.431;4.97;61.62;-6.028;0;0;0;1
LB;2012;7;7;7;0;0;-8.42;-42.141;-18.24;-37.241;130.8;-2.304;123.49;-3.735;2.8;9966.39;8.995;6.58;66.95;8.651;0;0;0;1
LY;2011;10;7;8.5;1;3;-15.9;-237.476;;0;10.87;575.871;-170.45;-96.255;-62.08;5858.51;-52.668;15.9;0;0;0;0;0;0
LY;2012;10;7;8.5;1;3;27.81;274.942;;0;2.31;-78.736;-83.65;50.927;104.48;13035.78;122.51;6.07;0;0;0;0;0;0
LY;2013;10;7;8.5;1;3;-4.01;-114.435;;0;3.27;41.324;-92.12;-10.128;-13.55;10539.74;-19.148;2.59;0;0;0;0;0;0
LY;2014;10;7;8.5;1;3;-40.31;-904.31;;0;36.39;1014.054;-99.86;-8.401;-24.03;7096.5;-32.669;2.8;0;0;0;0;0;0
LY;2015;10;7;8.5;1;3;-54.4;-34.934;;0;65.41;79.777;-62.07;37.843;-6.38;6058.67;-14.625;8;0;0;0;0;0;0
LK;2008;9;8;8.5;1;1;-7.02;-2.109;;0;81.37;-4.267;;0;5.95;2027.4;24.826;22.39;41.19;-7.192;1;1;1;1
LK;2009;9;8;8.5;1;1;-9.85;-40.328;;0;86.06;5.769;;0;3.54;2076.81;2.437;3.47;47.06;14.238;1;1;1;1
LK;2010;8;8;8;0;0;-7.96;19.216;;0;81.91;-4.828;;0;8.02;2428.87;16.952;6.22;38.79;-17.579;1;1;1;1
MX;1995;10;10;10;0;0;-4.07;-562.052;0;0;0;0;0;0;-5.76;3641.06;-36.017;35.06;49.91;85.822;0;0;1;1
MX;1996;10;10;10;0;0;-5.16;-26.814;0;0;46.26;0;0;0;5.88;4131.78;13.478;34.35;40.77;-18.313;0;0;0;1
MX;1997;10;10;10;0;0;-5.54;-7.468;-5.34;0;42.61;-7.884;0;0;6.96;4907.36;18.771;20.6;31.59;-22.514;0;0;0;1
MX;1998;10;10;10;0;0;-5.63;-1.625;-6.27;-17.36;44.09;3.48;37.71;0;4.7;5038.82;2.679;15.92;32.58;3.143;0;0;0;1
MX;1999;10;10;10;0;0;-5.49;2.416;-5.95;4.994;46.32;5.044;38.78;2.824;2.67;5722.04;13.559;16.57;29.51;-9.446;0;0;0;1
MX;2000;11;11;11;0;0;-3.01;45.304;-3.58;39.856;41.85;-9.646;35.4;-8.701;5.3;6649.74;16.213;9.49;22.77;-22.822;0;0;0;1
MX;2001;11;11;11;0;0;-3.07;-2.063;-3.09;13.6;41.11;-1.766;35.59;0.528;-0.61;6952.17;4.548;6.37;23.34;2.494;0;0;0;0
ML;2004;7;6;6.5;1;1;-2.36;0;;0;39.44;0;33.37;0;1.56;471.07;0;-3.11;62.5;0;1;1;1;1
ML;2005;7;6;6.5;1;1;-2.77;-17.161;;0;48.9;23.975;44.17;32.355;6.54;523.89;11.213;6.41;53.39;-14.589;1;1;1;1
ML;2006;7;6;6.5;1;1;27.78;1104.81;;0;17.23;-64.761;12.31;-72.138;4.66;560.32;6.954;1.52;24.15;-54.77;1;1;1;1
ML;2007;7;6;6.5;1;1;-2.79;-110.024;;0;17.55;1.84;12.17;-1.081;3.49;641.02;14.403;1.46;23.35;-3.305;1;1;1;1
ML;2008;7;6;6.5;1;1;-1.99;28.689;;0;21.76;23.991;16.06;31.912;4.77;745.66;16.323;9.12;21.57;-7.602;1;1;1;1
ML;2009;7;6;6.5;1;1;-3.72;-87.362;;0;21.02;-3.387;11.48;-28.52;4.68;752.8;0.958;2.22;22.23;3.036;1;1;1;1
ML;2010;7;6;6.5;1;1;-2.57;31.013;;0;25.37;20.694;17.02;48.262;5.41;764.96;1.615;1.29;23.94;7.684;1;1;1;1
ML;2011;7;6;6.5;1;1;-3.42;-33.113;;0;25.08;-1.131;18.26;7.292;3.24;901.04;17.789;3.05;23.35;-2.469;1;1;1;1
ML;2012;7;6;6.5;1;1;-0.96;72.022;;0;24.95;-0.522;20.77;13.746;-0.84;838.16;-6.978;5.32;25.6;9.664;1;1;1;1
ML;2013;7;6;6.5;1;1;-2.37;-148.013;;0;25.71;3.014;19.84;-4.482;2.3;865.91;3.312;-0.6;26.77;4.574;1;1;1;1
ML;2014;7;6;6.5;1;1;-2.87;-21.088;;0;30.76;19.646;23.44;18.156;7.51;914.88;5.655;0.89;24.4;-8.879;1;1;1;1
ML;2015;7;6;6.5;1;1;-2.08;27.586;;0;36.26;17.906;30.24;29.018;6.13;801.84;-12.355;1.44;0;-100;1;1;1;1
MN;2006;8;8;8;0;0;6.35;206.217;;0;;0;;0;8.16;1583.69;37.731;4.49;44.33;-21.54;1;1;1;1
MN;2007;9;8;8.5;1;1;2.08;-67.265;;0;;0;;0;8.76;2053.61;29.672;8.17;42.1;-5.024;1;1;1;1
MN;2008;9;8;8.5;1;1;-3.14;-250.769;;0;;0;;0;7.82;3039.74;48.019;26.81;40.07;-4.831;1;1;1;1
MN;2009;9;7;8;1;2;-3.99;-27.136;;0;;0;;0;-2.07;2205.59;-27.441;6.27;68.04;69.832;1;1;1;1
MN;2010;9;8;8.5;1;1;0.43;110.685;;0;;0;;0;7.31;2608.31;18.259;10.17;89.94;32.178;1;1;1;1
MN;2011;9;8;8.5;1;1;-4.01;-1042.254;;0;;0;;0;17.29;3736.07;43.237;7.68;100.63;11.886;1;1;1;1
MN;2012;9;8;8.5;1;1;-9.09;-126.482;;0;;0;;0;12.32;4328.97;15.87;15;135.63;34.779;1;1;1;1
MN;2013;9;8;8.5;1;1;-8.89;2.178;;0;;0;;0;11.65;4365.39;0.841;8.59;159.14;17.34;1;1;1;1
MN;2014;8;8;8;0;0;-11.05;-24.255;;0;;0;;0;7.89;4168.92;-4.501;12.91;185.41;16.505;1;1;1;1
MN;2015;7;7;7;0;0;-8.28;25.113;;0;;0;;0;2.3;3951.91;-5.205;5.89;202.28;9.097;0;1;1;1
MZ;2004;7;7;7;0;0;-3.73;0;;0;59.71;0;;0;7.81;330.2;0;12.63;69.22;0;1;1;1;1
MZ;2005;7;7;7;0;0;-2.4;35.48;;0;70.16;17.506;;0;8.72;361.49;9.477;6.43;59.65;-13.835;1;1;1;1
MZ;2006;7;7;7;0;0;-3.53;-46.922;;0;46.61;-33.563;;0;9.85;382;5.673;13.25;36.37;-39.03;1;1;1;1
MZ;2007;8;7;7.5;1;1;-2.53;28.398;;0;35.99;-22.786;;0;8.28;423.37;10.829;8.16;34.73;-4.499;1;1;1;1
MZ;2008;8;7;7.5;1;1;-2.13;15.777;;0;36.28;0.814;;0;6.88;502.5;18.692;10.33;32.15;-7.429;1;1;1;1
MZ;2009;8;7;7.5;1;1;-4.89;-129.343;;0;41.77;15.128;;0;6.35;475.42;-5.39;3.26;38.91;21.035;1;1;1;1
MZ;2010;8;7;7.5;1;1;-3.93;19.55;;0;43.21;3.438;;0;6.69;429.95;-9.564;12.7;38.18;-1.881;1;1;1;1
MZ;2011;8;7;7.5;1;1;-4.83;-22.85;;0;37.94;-12.201;;0;7.12;524.89;22.082;10.35;31.63;-17.16;1;1;1;1
MZ;2012;8;7;7.5;1;1;-3.77;21.893;;0;39.94;5.272;;0;7.2;589.82;12.37;2.09;33.66;6.405;1;1;1;1
MZ;2013;8;8;8;0;0;-2.62;30.443;;0;50.95;27.567;;0;7.14;605;2.574;4.21;43.92;30.494;1;1;1;1
MY;1998;12;10;11;1;2;-0.64;-117.18;0.71;-73.218;34.11;13.558;;0;-7.36;3470.47;-29.767;5.29;62.13;24.501;0;0;0;0
NG;2006;9;9;9;0;0;8.9;0;;0;0;0;0;0;8.33;1555.22;0;8.22;6.76;0;1;1;1;1
NG;2007;9;9;9;0;0;-1.1;-112.386;;0;0;0;0;0;9.06;1789.82;15.084;5.41;7.78;15.121;1;1;1;1
NG;2008;9;9;9;0;0;5.85;630.49;;0;0;0;0;0;8.01;2201.77;23.017;11.58;6.75;-13.212;0;1;1;1
NG;2012;9;9;9;0;0;0.24;-34.771;;0;10.4;2.201;8.05;-10.872;4.28;2835.29;8.544;12.23;4.29;-4.243;0;0;0;1
NG;2013;9;9;9;0;0;-2.33;-1061.57;;0;10.48;0.731;9.94;23.503;5.39;3082.49;8.719;8.5;4.42;3.032;0;0;0;1
NG;2014;9;9;9;0;0;-2.08;10.572;;0;10.58;0.964;10;0.563;6.31;3300.03;7.057;8.05;4.89;10.661;1;1;1;1
PA;1998;11;11;11;0;0;-2.64;-233.881;-0.21;-109.207;61.23;-3.415;61.23;-3.415;7.33;3963.41;6.226;0.63;57.95;-1.919;1;1;1;1
PA;1999;11;11;11;0;0;-0.97;63.196;1.99;1054.067;58.08;-5.142;58.08;-5.142;3.88;4070.42;2.7;1.3;60.49;4.376;1;1;1;1
PA;2000;11;11;11;0;0;-0.57;40.947;3.08;54.213;56.43;-2.832;56.43;-2.832;2.73;4046.46;-0.589;1.45;56.3;-6.92;1;1;1;1
PE;1999;10;10;10;0;0;0;0;0;0;0;0;0;0;1.49;1989.19;-10.942;3.47;60.83;6.187;1;1;1;1
PE;2001;9;9;9;0;0;-2.13;-1.817;-1.51;22.359;43.35;-2.336;36.65;-1.603;0.62;2016.36;-0.35;1.98;54.87;-5.595;1;1;1;1
PE;2002;9;9;9;0;0;-1.39;34.664;-1.13;25.297;45.05;3.91;37.78;3.089;5.45;2094.82;3.891;0.19;53.61;-2.304;1;1;1;1
PE;2003;9;9;9;0;0;-1.61;-15.6;-1.26;-11.76;48.95;8.664;38.34;1.485;4.17;2236.93;6.784;2.26;52.99;-1.157;1;1;1;1
PE;2004;10;10;10;0;0;-1.02;36.318;-0.98;22.152;46.33;-5.356;34.65;-9.617;4.96;2488.82;11.261;3.66;50.33;-5.016;1;1;1;1
PE;2005;10;10;10;0;0;-0.43;57.91;-0.72;27.236;39.96;-13.743;31.65;-8.663;6.29;2754.34;10.669;1.62;42.23;-16.104;1;1;1;1
PE;2006;11;11;11;0;0;2.02;568.445;0.2;127.235;34.77;-12.992;23.97;-24.255;7.53;3179.68;15.442;2;36.46;-13.646;1;1;1;1
PE;2007;11;11;11;0;0;3.35;65.874;1.59;715.385;31.87;-8.341;16.74;-30.162;8.52;3621;13.879;1.78;34.34;-5.814;1;1;1;1
PH;1995;10;10;10;0;0;-0.02;96.288;-0.53;24.75;62.72;-4.297;;0;4.68;1200.43;13.005;6.86;51.51;-15.635;1;1;1;1
PH;1996;10;10;10;0;0;0.55;3358.824;-0.54;-2.662;54.73;-12.741;;0;5.85;1276.66;6.35;8.31;51.09;-0.819;0;1;1;1
PH;1997;11;11;11;0;0;0.38;-31.769;-0.94;-74.63;58.68;7.227;;0;5.19;1240.77;-2.811;5.66;58.27;14.052;0;0;1;1
PH;1998;11;11;11;0;0;-1.35;-457.143;-1.56;-65.748;51.06;-12.992;;0;-0.58;960.71;-22.571;9.36;64.9;11.379;0;0;1;1
PH;1999;11;11;11;0;0;-2.36;-74.815;-2.8;-78.823;53.58;4.945;;0;3.08;1080.95;12.515;6.16;61.92;-4.592;1;1;1;1
PH;2000;11;11;11;0;0;-3.38;-43.22;-3.78;-35.349;58.77;9.688;;0;4.41;1055.12;-2.389;6.57;61.55;-0.586;1;1;1;1
PH;2001;11;11;11;0;0;-3.62;-6.982;-3.82;-1.084;58.83;0.097;;0;2.89;970.38;-8.032;5.4;64.82;5.311;1;1;1;1
PH;2002;11;11;11;0;0;-3.84;-6.222;-3.98;-4.132;63.26;7.522;;0;3.65;1014.94;4.592;2.72;62.25;-3.968;1;1;1;1
PH;2003;10;10;10;0;0;-3.62;5.728;-3.82;4.068;68.04;7.557;;0;4.97;1024.77;0.968;2.27;61.07;-1.902;1;1;1;1
PH;2004;10;10;10;0;0;-2.92;19.387;-3.24;15.157;65.8;-3.281;;0;6.7;1093.48;6.705;4.79;54.35;-11;1;1;1;1
PH;2010;10;10;10;0;0;-2.35;12.365;-2.49;-40.315;43.46;-1.987;;0;7.63;2155.41;16.441;3.78;24.56;-2.003;0;1;1;1
PH;2012;11;11;11;0;0;-0.3;24.25;-0.32;-576.596;40.61;-1.939;;0;6.68;2591.36;9.623;3.17;23.18;-6.229;0;0;1;1
PG;1999;8;8;8;0;0;-4.44;0;;0;62.26;0;;0;1.86;686;0;14.93;83.25;0;1;1;1;1
PG;2000;8;8;8;0;0;-1.08;75.744;;0;63.12;1.378;;0;-2.46;682.14;-0.563;15.6;69.78;-16.187;0;1;1;1
PG;2003;7;7;7;0;0;-1.11;72.251;;0;60.26;-14.353;;0;4.39;673.85;19.041;14.71;60.08;-10.9;1;1;1;1
PG;2004;7;7;7;0;0;1.55;239.623;;0;56.42;-6.384;;0;0.57;739.64;9.763;2.16;50.54;-15.874;0;1;1;1
PG;2005;7;7;7;0;0;2.7;74.003;;0;48.05;-14.824;;0;3.92;841.7;13.799;1.78;41.87;-17.15;0;0;1;1
PG;2006;7;7;7;0;0;6.54;141.679;;0;39.64;-17.51;;0;2.29;934.12;10.979;2.37;37.33;-10.861;0;0;1;1
PG;2007;8;7;7.5;1;1;8.95;37.001;;0;33.67;-15.063;;0;7.15;1047.02;12.087;0.91;23.09;-38.145;0;0;1;1
PG;2008;8;8;8;0;0;2.51;-71.942;;0;31.74;-5.721;;0;6.61;1291.13;23.314;10.77;18.1;-21.609;0;0;0;1
PG;2009;8;8;8;0;0;-9.59;-481.688;;0;31.43;-0.999;;0;6.13;1278.68;-0.964;6.91;22.71;25.477;0;0;0;1
PG;2010;8;8;8;0;0;3.1;132.374;;0;25.59;-18.562;;0;7.68;1471.34;15.067;5.1;65.38;187.886;0;0;0;1
PG;2011;8;8;8;0;0;1.69;-45.554;;0;22.96;-10.296;;0;10.67;1871.21;27.177;4.44;102.12;56.203;0;0;0;1
PG;2012;8;8;8;0;0;-3.2;-289.231;;0;26.71;16.344;;0;8.09;2147.54;14.767;4.54;101.93;-0.188;0;0;0;1
PG;2013;8;8;8;0;0;-7.98;-149.437;;0;34.01;27.335;;0;5.53;2098.13;-2.3;4.96;146.3;43.525;0;0;0;0
PG;2014;8;8;8;0;0;-7.18;10.054;;0;35.55;4.537;;0;8.54;2211.29;5.393;5.29;126.58;-13.476;1;1;1;1
PG;2015;8;8;8;0;0;-7.7;-7.331;;0;40.81;14.778;;0;8.97;2084.71;-5.724;6;0;-100;1;1;1;1
PT;2015;11;11;11;0;0;-4.39;38.838;-1.49;-30.149;128.79;-1.06;121.35;1.094;1.47;19121.59;-13.709;0.51;223.7;2.031;0;1;1;1
PY;2013;9;9;9;0;0;-1.42;0;-1.99;0;17.02;0;12.26;0;14.04;4269.9;0;2.68;49.16;0;1;1;1;1
PY;2014;10;9;9.5;1;1;-0.72;49.225;-1.55;21.831;20.24;18.914;14.16;15.427;4.72;4480.54;4.933;5.03;48.02;-2.305;1;1;1;1
PY;2015;10;10;10;0;0;-2.46;-240.915;-2.98;-91.892;23.83;17.709;18.87;33.293;3.01;4009.57;-10.512;2.94;13.75;-71.365;0;1;1;1
RO;1996;9;9;9;0;0;-4.71;0;0;0;0;0;;0;3.95;1575.5;0;38.81;22.93;0;0;0;0;1
RO;1997;9;9;9;0;0;-5.15;-9.473;0;0;0;0;;0;-6.05;1581.75;0.397;154.76;27.13;18.35;0;0;0;0
RO;1999;6;6;6;0;0;-3.56;32.842;0;0;0;0;;0;-1.15;1611.13;-15.088;45.8;25.49;4.592;1;1;1;1
RO;2001;7;7;7;0;0;-3.18;19.98;0;0;27.19;-7.548;;0;5.59;1817.05;8.807;34.45;31.49;3.962;1;1;1;1
RO;2003;10;10;10;0;0;-2.21;14.755;0;0;24.02;-12.058;;0;5.52;2768.12;30.66;15.31;38.86;5.854;1;1;1;1
RO;2008;11;11;11;0;0;-4.74;-52.854;-9.43;-63.785;13.39;5.809;;0;8.46;10160.35;25.055;7.85;49.04;-3.594;1;1;1;1
RO;2009;11;11;11;0;0;-7.13;-50.464;-8.04;14.734;23.35;74.408;;0;-7.07;8220.82;-19.089;5.58;68.95;40.605;1;1;1;1
RO;2010;11;11;11;0;0;-6.3;11.708;-6.14;23.72;30.54;30.782;;0;-0.8;8277.34;0.688;6.11;69.74;1.144;1;1;1;1
RU;2000;6;4;5;1;2;3.12;186.622;2.13;165.378;56.12;-39.524;;0;10.05;1893.46;33.108;20.78;0;0;0;0;0;0
RU;2002;10;9;9.5;1;1;0.68;-77.504;0.48;-79.264;37.79;-15.348;;0;4.8;2538.85;12.727;15.78;0;0;0;0;0;0
RW;2011;7;7;7;0;0;-1.71;0;;0;23.06;0;;0;7.82;628.11;0;5.67;19.15;0;1;1;1;1
RW;2012;7;7;7;0;0;-1.65;3.745;;0;20.14;-12.684;;0;8.79;687.89;9.518;6.29;17.76;-7.253;1;1;1;1
RW;2013;7;7;7;0;0;-2.54;-54.407;;0;26.47;31.436;;0;4.71;700.39;1.816;4.22;22.89;28.867;1;1;1;1
RW;2015;8;8;8;0;0;-2.83;21.07;;0;34.63;19.528;;0;6.94;731.51;1.974;2.51;28.2;8.158;1;1;1;1
SV;2002;11;11;11;0;0;-3.58;0;;0;37.46;0;;0;2.34;2380.48;0;1.87;41.25;0;0;1;1;1
SV;2003;11;11;11;0;0;-4.07;-13.898;;0;39.14;4.498;;0;2.3;2495.31;4.824;2.12;55.4;34.301;0;0;1;1
SV;2004;11;11;11;0;0;-2.74;32.801;;0;39.41;0.672;;0;1.85;2611.29;4.648;4.45;55.86;0.836;0;0;1;1
SV;2005;11;11;11;0;0;-2.97;-8.55;;0;38.55;-2.175;;0;3.56;2816.11;7.844;4.69;56.11;0.451;0;0;1;1
SV;2006;11;11;11;0;0;-2.54;14.642;;0;39.1;1.427;;0;3.91;3041.1;7.989;4.04;56.17;0.109;0;0;0;1
SV;2007;11;11;11;0;0;-1.85;27.208;;0;38.03;-2.732;;0;3.84;3285.11;8.024;4.58;50.15;-10.717;0;0;0;1
SV;2008;11;11;11;0;0;-2.68;-45.016;;0;39.25;3.213;;0;1.27;3484.72;6.076;7.26;50.62;0.921;0;0;0;1
SV;2009;10;10;10;0;0;-5.55;-107.322;;0;48.21;22.829;;0;-3.13;3343.2;-4.061;0.54;51.57;1.885;1;1;1;1
SV;2010;10;10;10;0;0;-4.43;20.198;;0;49.66;3.007;;0;1.37;3443.46;2.999;1.18;52.97;2.711;0;1;1;1
SV;2013;9;9;9;0;0;-3.59;8.858;;0;55.25;0.089;;0;1.85;3849.73;1.846;0.76;57.96;1.926;0;0;1;1
SV;2015;8;8;8;0;0;-3.23;3.789;;0;58.92;3.662;;0;2.4;4040.32;1.982;-0.73;62.65;3.354;0;0;0;1
RS;2005;9;9;9;0;0;1.1;0;0.69;0;54.11;0;49.24;0;5.54;3504.3;0;16.25;62.32;0;1;1;1;1
RS;2006;9;9;9;0;0;-0.98;-189.292;-1.46;-312.828;40.3;-25.526;32.39;-34.219;4.9;4145.03;18.284;10.73;65.86;5.677;1;1;1;1
RS;2007;9;9;9;0;0;-0.89;9.146;-2.03;-39.041;33.44;-17.026;26.97;-16.748;5.89;5486.49;32.363;6;66.41;0.837;1;1;1;1
RS;2008;9;9;9;0;0;-1.89;-111.857;-4.14;-103.842;32.38;-3.167;28.81;6.82;5.37;6688.95;21.917;12.41;63.65;-4.15;1;1;1;1
RS;2009;9;9;9;0;0;-3.64;-92.133;-4.03;2.731;35.95;11.042;30.78;6.867;-3.12;5820.47;-12.984;8.12;80.67;26.73;1;1;1;1
RS;2010;9;9;9;0;0;-3.69;-1.484;-4.3;-6.832;43.68;21.493;38.91;26.385;0.58;5353.56;-8.022;6.14;85.39;5.856;1;1;1;1
RS;2011;10;9;9.5;1;1;-4.14;-12.077;-4.94;-14.837;46.61;6.708;40.98;5.341;1.4;6424.03;19.995;11.14;69.86;-18.192;1;1;1;1
RS;2012;9;9;9;0;0;-6.76;-63.324;-5.88;-19.117;58.32;25.117;52.12;27.177;-1.02;5656.26;-11.951;7.33;87.57;25.35;1;1;1;1
RS;2013;9;9;9;0;0;-5.31;21.479;-5.65;3.995;61.42;5.319;53.12;1.919;2.57;6351.68;12.295;7.69;83.4;-4.762;1;1;1;1
RS;2014;10;8;9;1;2;-6.23;-17.389;-5.59;1.098;72.01;17.241;67.55;27.157;-1.83;6199.12;-2.402;2.08;78.02;-6.447;1;1;1;1
RS;2015;9;8;8.5;1;1;-3.67;41.085;-3.31;40.788;77.43;7.534;73.86;9.349;0.74;5119.76;-17.412;1.39;0;-100;1;1;1;1
TH;1998;12;11;11.5;1;1;-6.29;-274.583;-4.87;-80.921;49.88;23.3;;0;-7.63;1855.12;-25.049;8;96.02;27.54;0;0;0;1
TR;1994;8;7;7.5;1;1;0;0;0;0;0;0;0;0;-5.46;3103.68;0;104.54;51.99;0;0;0;0;1
TR;2003;8;7;7.5;1;1;-10.39;27.809;-8.92;29.932;67.7;-8.516;63.97;-9.359;5.27;4538.11;28.857;25.34;47.95;-15.612;0;0;0;0
TR;2004;9;8;8.5;1;1;-4.31;58.553;-4.27;52.136;59.61;-11.944;55.02;-13.996;9.36;5802.35;27.858;8.6;40.92;-14.656;0;0;0;0
TR;2005;9;9;9;0;0;-0.81;81.151;-1.58;62.966;52.71;-11.578;45.97;-16.44;8.4;7053.95;21.571;8.18;36.04;-11.914;0;0;0;0
TR;2006;9;9;9;0;0;-0.71;12.192;-3.56;-125.364;46.52;-11.736;38.98;-15.214;6.89;7638.03;8.28;9.6;39.93;10.782;0;0;0;0
TR;2007;9;9;9;0;0;-1.99;-178.962;-3.91;-9.767;39.91;-14.223;32.71;-16.081;4.67;9213.85;20.631;8.76;40.33;0.999;0;0;0;0
TR;2008;9;9;9;0;0;-2.72;-36.652;-4.03;-2.992;39.98;0.193;32.54;-0.52;0.66;10283;11.604;10.44;39.99;-0.851;0;0;0;0
UG;2008;8;7;7.5;1;1;-2.46;0;;0;19.3;0;;0;10.43;571.96;0;12.04;16.23;0;1;1;1;1
UG;2009;8;7;7.5;1;1;-2.09;15.047;;0;19.19;-0.523;;0;8.07;564.72;-1.265;13.07;15.59;-3.945;1;1;1;1
UG;2010;8;7;7.5;1;1;-5.67;-171.517;;0;22.94;19.511;;0;7.67;594.46;5.266;3.97;14.99;-3.818;1;1;1;1
UG;2011;8;7;7.5;1;1;-2.66;53.085;;0;23.65;3.078;;0;6.82;601.35;1.16;18.68;16.37;9.206;1;1;1;1
UG;2012;8;7;7.5;1;1;-3;-12.627;;0;24.16;2.178;;0;2.63;678.24;12.785;14.02;16.59;1.35;1;1;1;1
UG;2013;8;7;7.5;1;1;-4.03;-34.468;;0;27.7;14.636;;0;4.04;680.74;0.369;4.78;19.76;19.119;1;1;1;1
UG;2014;7;7;7;0;0;-3.46;14.119;;0;31.21;12.681;;0;4.93;710.58;4.382;4.61;19.48;-1.427;1;1;1;1
UA;2001;7;6;6.5;1;1;-2.92;0;0;0;35.34;0;33.96;0;9.23;814.85;0;11.96;59.4;0;1;1;1;1
UA;2002;7;7;7;0;0;-1.77;39.281;0;0;32.34;-8.478;30.66;-9.701;5.34;919.14;12.799;0.76;56.05;-5.636;1;1;1;1
UA;2004;8;8;8;0;0;-4.25;-393.961;-6.47;-424.331;23.89;-15.598;22.53;-13.699;11.8;1427.28;30.192;9.04;47.89;-7.838;1;1;1;1
UA;2005;9;9;9;0;0;-2.19;48.413;-1.96;69.621;17.09;-28.457;13.4;-40.523;3.07;1909.8;33.807;13.52;39.58;-17.348;0;1;1;1
UA;2006;9;9;9;0;0;-1.32;40.064;-1.88;4.379;14.26;-16.573;11.31;-15.621;7.57;2407.9;26.081;9.08;49.5;25.063;0;0;1;1
UA;2007;9;9;9;0;0;-1.9;-44.106;-3.65;-94.356;11.82;-17.123;9.71;-14.116;8.22;3219.88;33.722;12.84;56.14;13.406;0;0;1;1
UA;2010;8;7;7.5;1;1;-5.77;4.326;-2.66;-24.312;40.63;19.065;38.53;25.101;0.26;2982.81;12.348;9.37;93.06;2.391;0;0;0;1
UA;2011;8;7;7.5;1;1;-2.76;52.166;-3.15;-18.131;36.88;-9.231;34.51;-10.433;5.47;3589.63;20.344;7.96;84.96;-8.704;0;0;0;1
UA;2012;7;7;7;0;0;-4.31;-55.994;-4.49;-42.644;37.54;1.806;35.33;2.385;0.24;3872.53;7.881;0.57;75.71;-10.884;0;0;0;1
UA;2013;6;6;6;0;0;-4.79;-11.098;-4.83;-7.552;40.65;8.284;38.44;8.785;-0.03;4185.48;8.081;-0.26;82.56;9.047;0;0;0;1
UA;2015;6;4;5;1;2;-1.17;73.88;-0.67;77.767;80.18;14.047;77.38;12.506;-9.87;2125.43;-31.329;48.68;132.77;32.326;0;0;0;0
UY;1995;11;11;11;0;0;0;0;0;0;0;0;0;0;-1.45;6661.87;9.747;42.25;0;0;0;0;1;1
UY;1996;11;11;11;0;0;0;0;0;0;0;0;0;0;5.58;7038.55;5.654;28.34;0;0;0;0;1;1
UY;2003;6;6;6;0;0;-2.64;27.995;0.9;209.78;111.55;1.795;71.06;-6.132;2.33;3652.77;-11.349;19.38;83.36;0;0;0;0;0
UY;2004;7;7;7;0;0;-1.81;31.262;1;11.693;93.55;-16.136;61.2;-13.871;4.64;4151.89;13.664;9.16;78.53;-5.79;1;1;1;1
UY;2006;8;8;8;0;0;-0.54;-31.235;2.24;66.915;75.7;-9.798;47.44;-6.466;4.1;5919.56;12.473;6.4;49.03;-19.315;0;0;1;1
UY;2007;9;9;9;0;0;0.01;101.845;1.32;-41.25;67.99;-10.188;37.81;-20.309;6.54;7058.13;19.234;8.12;48.68;-0.72;0;0;1;1
UY;2008;10;9;9.5;1;1;-1.56;-15670;0.19;-85.486;67.75;-0.344;31.61;-16.388;7.18;9107.89;29.041;7.88;36.7;-24.605;0;0;1;1
UY;2009;10;9;9.5;1;1;-1.65;-5.909;0.16;-18.848;63.1;-6.866;30.73;-2.8;4.24;9465.36;3.925;7.06;41.7;13.612;0;0;0;1
UY;2010;11;10;10.5;1;1;-1.43;13.099;-2.21;-1523.871;59.41;-5.843;30.6;-0.43;7.8;12001.66;26.796;6.7;33.06;-20.715;0;0;0;1
UY;2011;12;11;11.5;1;1;-0.9;36.916;-1.8;18.305;58.1;-2.215;28.29;-7.531;5.16;14238.08;18.634;8.09;30.34;-8.245;0;0;0;1
UY;2012;12;11;11.5;1;1;-2.69;-197.235;-2.39;-32.612;57.88;-0.367;25.29;-10.593;3.32;15200.27;6.758;8.1;42.46;39.98;0;0;0;1
VN;2002;9;9;9;0;0;-2.36;0;;0;35.19;0;;0;7.08;440.21;0;4.08;35.7;0;1;1;1;1
VN;2003;9;9;9;0;0;-3.25;-37.962;;0;37.88;7.662;;0;7.34;489.03;11.091;3.3;37.92;6.204;1;1;1;1
VN;2004;9;9;9;0;0;-0.19;94.152;;0;37.45;-1.151;;0;7.79;603.67;23.441;7.89;37.04;-2.305;1;1;1;1
VN;2005;9;9;9;0;0;-1.21;-537.895;;0;36.54;-2.414;;0;7.55;699.68;15.905;8.39;33.65;-9.154;1;1;1;1
VN;2006;10;9;9.5;1;1;0.25;120.957;;0;38.41;5.104;;0;6.98;796.93;13.899;7.5;28.71;-14.674;1;1;1;1
VN;2007;10;9;9.5;1;1;-2.01;-890.945;;0;40.9;6.483;;0;7.13;920.46;15.501;8.35;30.95;7.773;0;1;1;1
VN;2008;10;9;9.5;1;1;-0.49;75.709;;0;39.42;-3.614;;0;5.66;1154.49;25.425;23.12;27.54;-11.01;0;0;1;1
VN;2009;10;9;9.5;1;1;-6.02;-1133.811;;0;45.17;14.582;;0;5.4;1181.45;2.335;6.72;32.61;18.421;1;1;1;1
VN;2010;9;8;8.5;1;1;-2.76;54.21;;0;48.08;6.458;;0;6.42;1297.23;9.8;9.21;40.29;23.528;0;1;1;1
VN;2011;9;8;8.5;1;1;-1.06;61.516;;0;46.72;-2.843;;0;6.24;1532.31;18.122;18.67;40.92;1.576;1;1;1;1
VN;2012;9;8;8.5;1;1;-6.8;-541.188;;0;48.53;3.874;;0;5.25;1752.62;14.377;9.1;39.53;-3.407;1;1;1;1
VN;2013;9;8;8.5;1;1;-7.42;-8.996;;0;52.42;8.018;;0;5.42;1901.7;8.506;6.6;39.96;1.103;1;1;1;1
VN;2014;9;9;9;0;0;-6.15;17.114;;0;55.55;5.971;;0;5.98;2048.95;7.743;4.09;40.59;1.574;1;1;1;1
VN;2015;9;9;9;0;0;-6.54;-6.476;;0;59.29;6.744;;0;6.68;2088.34;1.923;0.63;0;-100;1;1;1;1
ZA;1994;10;10;10;0;0;0;0;0;0;0;0;0;0;3.23;3446.84;0;8.88;15.78;0;1;1;1;1
ZA;1995;11;10;10.5;1;1;0;0;0;0;0;0;0;0;3.12;3752.38;8.864;8.73;16.62;5.317;0;1;1;1
ZA;1996;11;10;10.5;1;1;0;0;0;0;0;0;0;0;4.31;3500.03;-6.725;7.36;18.03;8.478;0;0;1;1
ZA;1997;11;10;10.5;1;1;0;0;0;0;0;0;0;0;2.65;3556.54;1.614;8.58;20.13;11.676;0;0;1;1
ZA;1998;11;10;10.5;1;1;0;0;0;0;0;0;0;0;0.52;3160.84;-11.126;6.97;18.41;-8.568;0;0;1;1
ZA;1999;11;10;10.5;1;1;0;0;0;0;0;0;0;0;2.36;3089.37;-2.261;5.12;18.39;-0.098;0;0;0;1
ZM;2012;8;8;8;0;0;-2.83;0;;0;24.91;0;19.55;0;7.57;1724.71;0;6.58;23.58;0;1;1;1;1
ZM;2013;8;7;7.5;1;1;-6.21;-119.209;;0;26.53;6.499;24.02;22.868;5.13;1839.54;6.658;6.98;22.21;-5.823;1;1;1;1
ZM;2014;8;7;7.5;1;1;-5.97;3.85;;0;35.14;32.443;28.97;20.606;5.03;1726.01;-6.171;7.81;28.11;26.601;1;1;1;1
ZM;2015;7;7;7;0;0;-8.06;-35.048;;0;52.95;50.693;48.4;67.096;3.64;1350.15;-21.776;10.11;0;-100;1;1;1;1
